 {
    "section_title": [
        {
            "key": "Trending_Category",
            "default": "Trending Category",
            "custom": "Trending Category"
        },
        {
            "key": "Featured_Category",
            "default": "Featured Category",
            "custom": "Featured Category"
        },
        {
            "key": "Popular_Category",
            "default": "Popular Category",
            "custom": "Popular Category"
        },
        {
            "key": "Shop_by_Brand",
            "default": "Shop by Brand",
            "custom": "Shop by Brand"
        },
        {
            "key": "Top_Rated_Products",
            "default": "Top Rated Products",
            "custom": "Top Rated Products"
        },
        {
            "key": "Best_Seller",
            "default": "Best Seller",
            "custom": "Best Seller"
        },
        {
            "key": "Featured_Products",
            "default": "Featured Products",
            "custom": "Featured Products"
        },
        {
            "key": "New_Arrivals",
            "default": "New Arrivals",
            "custom": "New Arrivals"
        },
        {
            "key": "Best_Products",
            "default": "Best Products",
            "custom": "Best Products"
        }
    ],
    "seoSetting": {
        "id": 1,
        "page_name": "Home Page",
        "seo_title": "Home - Welcome to Frenzy Mart",
        "seo_description": "Explore our home page for a wide range of products and exciting sale announcements. Find everything you need in one place!",
        "created_at": null,
        "updated_at": "2024-04-01T01:32:30.000000Z"
    },
    "sliderVisibilty": true,
    "sliders": [
        {
            "id": 9,
            "badge": "SHOP NOW",
            "title_one": "Furniture Collection 2023",
            "title_two": "Modern and elegant designs for your home",
            "image": "uploads/custom-images/slider-2025-05-29-06-33-55-8944.jpg",
            "status": 1,
            "serial": 1,
            "slider_location": null,
            "product_slug": "rainbow-chair",
            "created_at": "2025-05-29T13:03:55.000000Z",
            "updated_at": "2025-05-29T13:10:21.000000Z",
            "category_slug": "Chair"
        },
        {
            "id": 10,
            "badge": "SHOP NOW",
            "title_one": "New Designer Chairs of 2025",
            "title_two": "Modern and elegant designed chair for your home",
            "image": "uploads/custom-images/slider-2025-06-02-11-59-20-3354.jpg",
            "status": 1,
            "serial": 2,
            "slider_location": null,
            "product_slug": null,
            "created_at": "2025-06-02T06:29:20.000000Z",
            "updated_at": "2025-06-02T06:30:00.000000Z"
        }
    ],
    "sliderBannerOne": {
        "id": 16,
        "product_slug": "sofas",
        "image": "uploads/website-images/Mega-menu-2024-07-02-12-59-41-2031.jpg",
        "banner_location": "Slider First",
        "title_one": "home",
        "title_two": "Sofa",
        "badge": "Set",
        "status": 1
    },
    "sliderBannerTwo": {
        "id": 17,
        "product_slug": "electronics",
        "image": "uploads/website-images/Mega-menu-2022-10-27-01-42-01-1798.png",
        "banner_location": "Slider Second",
        "title_one": "Xbox",
        "title_two": "5th Version",
        "badge": "Gaming",
        "status": 1
    },
    "serviceVisibilty": true,
    "services": [
        {
            "id": 1,
            "title": "Free Shipping",
            "icon": "fas fa-shipping-fast",
            "description": "Free Shipping on Payment",
            "status": 1,
            "created_at": "2022-09-20T02:37:40.000000Z",
            "updated_at": "2022-09-20T02:37:40.000000Z"
        },
        {
            "id": 2,
            "title": "Return Policy",
            "icon": "fas fa-chevron-circle-left",
            "description": "24 Hours Return Policy",
            "status": 1,
            "created_at": "2022-09-20T02:38:44.000000Z",
            "updated_at": "2022-09-20T02:38:44.000000Z"
        },
        {
            "id": 3,
            "title": "Secured Payment",
            "icon": "fab fa-cc-amazon-pay",
            "description": "Secure Card Payments",
            "status": 1,
            "created_at": "2022-09-20T02:39:50.000000Z",
            "updated_at": "2022-09-20T02:39:50.000000Z"
        },
        {
            "id": 4,
            "title": "Best Quality",
            "icon": "fas fa-check-circle",
            "description": "Best Quality Products",
            "status": 1,
            "created_at": "2022-09-20T02:40:27.000000Z",
            "updated_at": "2022-09-21T22:54:58.000000Z"
        }
    ],
    "homepage_categories": [
        {
            "id": 1,
            "name": "Chair",
            "slug": "Chair",
            "icon": "fab fa-500px",
            "image": "uploads/custom-images/chair-2024-07-02-12-12-55-4347.jpg"
        },
        {
            "id": 2,
            "name": "Sofas",
            "slug": "Sofas",
            "icon": "fas fa-address-card",
            "image": "uploads/custom-images/sofas-2024-07-02-12-13-27-2672.jpg"
        },
        {
            "id": 3,
            "name": "Reading Lamp",
            "slug": "reading-lamp",
            "icon": "fas fa-address-book",
            "image": "uploads/custom-images/reading-lamp-2024-07-02-12-14-59-6380.jpg"
        },
        {
            "id": 4,
            "name": "Wooden lamp",
            "slug": "wooden-lamp",
            "icon": "far fa-address-book",
            "image": "uploads/custom-images/wooden-lamp-2024-07-02-12-15-33-7676.jpg"
        },
        {
            "id": 11,
            "name": "Modern Chair",
            "slug": "modern-chair",
            "icon": "fas fa-arrow-right",
            "image": "uploads/custom-images/modern-chair-2025-06-04-04-45-15-4521.jpg"
        },
        {
            "id": 12,
            "name": "classic chair",
            "slug": "classic-chair",
            "icon": "fas fa-arrow-right",
            "image": "uploads/custom-images/classic-chair-2025-06-04-04-45-56-3129.jpg"
        },
        {
            "id": 13,
            "name": "Modern Table",
            "slug": "modern-table",
            "icon": "fas fa-arrow-right",
            "image": "uploads/custom-images/modern-table-2025-06-05-01-59-51-7938.jpg"
        }
    ],
    "popularCategorySidebarBanner": "uploads/website-images/popular-cat-banner-2022-09-20-01-15-44-7577.jpg",
    "popularCategoryVisibilty": true,
    "popularCategories": [
        {
            "id": 1,
            "category_id": 3,
            "created_at": "2024-07-02T01:47:53.000000Z",
            "updated_at": "2024-07-02T01:47:53.000000Z",
            "category": {
                "id": 3,
                "name": "Reading Lamp",
                "slug": "reading-lamp",
                "icon": "fas fa-address-book",
                "status": 1,
                "parent_id": null,
                "image": "uploads/custom-images/reading-lamp-2024-07-02-12-14-59-6380.jpg",
                "created_at": "2024-07-02T01:14:59.000000Z",
                "updated_at": "2024-07-26T04:31:45.000000Z",
                "hsn_code": "3"
            }
        },
        {
            "id": 2,
            "category_id": 2,
            "created_at": "2025-05-29T08:16:02.000000Z",
            "updated_at": "2025-05-29T08:16:02.000000Z",
            "category": {
                "id": 2,
                "name": "Sofas",
                "slug": "Sofas",
                "icon": "fas fa-address-card",
                "status": 1,
                "parent_id": null,
                "image": "uploads/custom-images/sofas-2024-07-02-12-13-27-2672.jpg",
                "created_at": "2024-07-02T01:13:27.000000Z",
                "updated_at": "2024-08-10T03:30:41.000000Z",
                "hsn_code": "2"
            }
        }
    ],
    "popularCategoryProducts": [
        {
            "id": 3,
            "name": "Reading Lamp",
            "slug": "reading-lamp",
            "icon": "fas fa-address-book",
            "status": 1,
            "parent_id": null,
            "image": "uploads/custom-images/reading-lamp-2024-07-02-12-14-59-6380.jpg",
            "created_at": "2024-07-02T01:14:59.000000Z",
            "updated_at": "2024-07-26T04:31:45.000000Z",
            "hsn_code": "3",
            "products": [
                {
                    "id": 6,
                    "name": "Pilke Pendant Lamp",
                    "short_name": "Pilke Pendant Lamp",
                    "slug": "pilke-pendant-lamp",
                    "thumb_image": "uploads/custom-images/pilke-pendant-lamp-2024-07-02-12-31-12-6744.jpg",
                    "category_id": 3,
                    "brand_id": 0,
                    "qty": 915,
                    "weight": "180",
                    "sold_qty": 0,
                    "short_description": "Things You Need To Know There are many variations of passages of Lorem Ipsum available",
                    "long_description": "<p>the majority have suffered alteration in some form, by injected humour, \r\nor randomised words which don't look even slightly believable. If you \r\nare going to use a passage of Lorem Ipsum, you need to...<br></p>",
                    "video_link": null,
                    "sku": null,
                    "seo_title": "Pilke Pendant Lamp",
                    "seo_description": "Pilke Pendant Lamp",
                    "price": 1200,
                    "offer_price": 1000,
                    "tags": null,
                    "show_homepage": 0,
                    "is_undefine": 1,
                    "is_featured": 1,
                    "new_product": 0,
                    "is_top": 0,
                    "is_best": 1,
                    "status": 1,
                    "is_specification": 0,
                    "created_at": "2024-07-02T01:31:12.000000Z",
                    "updated_at": "2025-07-03T06:16:57.000000Z",
                    "catalogid": 0,
                    "height": "40",
                    "width": "10",
                    "hsn_code": 0,
                    "is_external": 0,
                    "averageRating": "0",
                    "totalSold": "185",
                    "active_variants": []
                },
                {
                    "id": 7,
                    "name": "Belling Light",
                    "short_name": "Belling Light",
                    "slug": "belling-light",
                    "thumb_image": "uploads/custom-images/belling-light-2024-07-02-12-33-16-3468.jpg",
                    "category_id": 3,
                    "brand_id": 0,
                    "qty": -93,
                    "weight": "175",
                    "sold_qty": 0,
                    "short_description": "Things You Need To Know There are many variations of passages of Lorem Ipsum available,",
                    "long_description": "<p>&nbsp;the majority have suffered alteration in some form, by injected humour,\r\n or randomised words which don't look even slightly believable. If you \r\nare going to use a passage of Lorem Ipsum, you need to...<br></p>",
                    "video_link": null,
                    "sku": null,
                    "seo_title": "Belling Light",
                    "seo_description": "Belling Light",
                    "price": 1500,
                    "offer_price": null,
                    "tags": null,
                    "show_homepage": 0,
                    "is_undefine": 1,
                    "is_featured": 1,
                    "new_product": 0,
                    "is_top": 1,
                    "is_best": 0,
                    "status": 1,
                    "is_specification": 1,
                    "created_at": "2024-07-02T01:33:16.000000Z",
                    "updated_at": "2025-07-03T06:16:57.000000Z",
                    "catalogid": 0,
                    "height": "35",
                    "width": "35",
                    "hsn_code": 0,
                    "is_external": 0,
                    "averageRating": "0",
                    "totalSold": "193",
                    "active_variants": [
                        {
                            "id": 4,
                            "name": "Dimensions",
                            "product_id": 7,
                            "active_variant_items": [
                                {
                                    "product_variant_id": 4,
                                    "name": "15*30",
                                    "price": 2000,
                                    "id": 7
                                },
                                {
                                    "product_variant_id": 4,
                                    "name": "30*30",
                                    "price": 2200,
                                    "id": 8
                                },
                                {
                                    "product_variant_id": 4,
                                    "name": "50*50",
                                    "price": 2500,
                                    "id": 9
                                }
                            ]
                        }
                    ]
                },
                {
                    "id": 8,
                    "name": "Orient Pendant Lamp",
                    "short_name": "Orient Pendant Lamp",
                    "slug": "orient-pendant-lamp",
                    "thumb_image": "uploads/custom-images/orient-pendant-lamp-2024-07-02-12-36-04-5068.jpg",
                    "category_id": 3,
                    "brand_id": 0,
                    "qty": -79,
                    "weight": "150",
                    "sold_qty": 0,
                    "short_description": "Things You Need To Know There are many variations of passages of Lorem Ipsum available,",
                    "long_description": "<p>&nbsp;the majority have suffered alteration in some form, by injected humour,\r\n or randomised words which don't look even slightly believable. If you \r\nare going to use a passage of Lorem Ipsum, you need to...<br></p>",
                    "video_link": null,
                    "sku": null,
                    "seo_title": "Orient Pendant Lamp",
                    "seo_description": "Orient Pendant Lamp",
                    "price": 1500,
                    "offer_price": null,
                    "tags": null,
                    "show_homepage": 0,
                    "is_undefine": 1,
                    "is_featured": 1,
                    "new_product": 0,
                    "is_top": 0,
                    "is_best": 1,
                    "status": 1,
                    "is_specification": 0,
                    "created_at": "2024-07-02T01:36:04.000000Z",
                    "updated_at": "2025-07-03T06:16:57.000000Z",
                    "catalogid": 0,
                    "height": "123",
                    "width": "35",
                    "hsn_code": 300,
                    "is_external": 0,
                    "averageRating": "0",
                    "totalSold": "177",
                    "active_variants": []
                }
            ]
        },
        {
            "id": 2,
            "name": "Sofas",
            "slug": "Sofas",
            "icon": "fas fa-address-card",
            "status": 1,
            "parent_id": null,
            "image": "uploads/custom-images/sofas-2024-07-02-12-13-27-2672.jpg",
            "created_at": "2024-07-02T01:13:27.000000Z",
            "updated_at": "2024-08-10T03:30:41.000000Z",
            "hsn_code": "2",
            "products": [
                {
                    "id": 4,
                    "name": "Metric Sarl Sofa",
                    "short_name": "Metric Sarl Sofa",
                    "slug": "metric-sarl-sofa",
                    "thumb_image": "uploads/custom-images/metric-sarl-sofa-2024-07-02-12-27-10-1109.jpg",
                    "category_id": 2,
                    "brand_id": 0,
                    "qty": 99,
                    "weight": "123",
                    "sold_qty": 0,
                    "short_description": "Things You Need To Know There are many variations of passages of Lorem Ipsum available",
                    "long_description": "<p>the majority have suffered alteration in some form, by injected humour, \r\nor randomised words which don't look even slightly believable. If you \r\nare going to use a passage of Lorem Ipsum, you need to...<br></p>",
                    "video_link": null,
                    "sku": null,
                    "seo_title": "Metric Sarl Sofa",
                    "seo_description": "Metric Sarl Sofa",
                    "price": 15000,
                    "offer_price": null,
                    "tags": null,
                    "show_homepage": 0,
                    "is_undefine": 1,
                    "is_featured": 1,
                    "new_product": 0,
                    "is_top": 1,
                    "is_best": 0,
                    "status": 1,
                    "is_specification": 1,
                    "created_at": "2024-07-02T01:27:10.000000Z",
                    "updated_at": "2025-04-26T07:52:33.000000Z",
                    "catalogid": 0,
                    "height": "35",
                    "width": "10",
                    "hsn_code": 200,
                    "is_external": 0,
                    "averageRating": "0",
                    "totalSold": "145",
                    "active_variants": []
                },
                {
                    "id": 5,
                    "name": "Grey Sofa 1",
                    "short_name": "Grey Sofa",
                    "slug": "grey-sofa",
                    "thumb_image": "uploads/custom-images/grey-sofa-2024-07-02-12-29-23-2299.jpg",
                    "category_id": 2,
                    "brand_id": 0,
                    "qty": 8,
                    "weight": "156",
                    "sold_qty": 0,
                    "short_description": "Things You Need To Know There are many variations of passages of Lorem Ipsum available",
                    "long_description": "<p>&nbsp;the majority have suffered alteration in some form, by injected humour,\r\n or randomised words which don't look even slightly believable. If you \r\nare going to use a passage of Lorem Ipsum, you need to...<br></p>",
                    "video_link": null,
                    "sku": null,
                    "seo_title": "Grey Sofa",
                    "seo_description": "Grey Sofa",
                    "price": 25000,
                    "offer_price": null,
                    "tags": null,
                    "show_homepage": 0,
                    "is_undefine": 1,
                    "is_featured": 0,
                    "new_product": 0,
                    "is_top": 0,
                    "is_best": 0,
                    "status": 1,
                    "is_specification": 0,
                    "created_at": "2024-07-02T01:29:23.000000Z",
                    "updated_at": "2025-07-03T06:16:57.000000Z",
                    "catalogid": 0,
                    "height": "40",
                    "width": "10",
                    "hsn_code": 200,
                    "is_external": 0,
                    "averageRating": "0",
                    "totalSold": "92",
                    "active_variants": []
                },
                {
                    "id": 18,
                    "name": "KARA SOFA",
                    "short_name": "KARA SOFA",
                    "slug": "kara-sofa",
                    "thumb_image": "uploads/custom-images/kara-sofa-2025-05-29-01-43-49-9950.jpg",
                    "category_id": 2,
                    "brand_id": 2,
                    "qty": 9832,
                    "weight": "50000",
                    "sold_qty": 0,
                    "short_description": "Kara Sofa is an art deco-style sofa. Its art deco inspirations are reflected in its shapes, revealing an eclectic, luxurious style. This modern design sofa promises to be the absolute protagonist of a living room project.",
                    "long_description": "<p><span style=\"font-family: Helvetica;\">﻿</span><span style=\"color: rgb(69, 69, 69); font-family: Manrope, sans-serif; font-size: 13px; letter-spacing: 0.2925px; background-color: transparent;\">Kara Sofa is an art deco-style sofa. Its art deco inspirations are reflected in its shapes, revealing an eclectic, luxurious style. This modern design sofa promises to be the absolute protagonist of a living room project.</span><br></p>",
                    "video_link": null,
                    "sku": "9856123154",
                    "seo_title": "KARA SOFA",
                    "seo_description": "KARA SOFA",
                    "price": 5500,
                    "offer_price": 5400,
                    "tags": null,
                    "show_homepage": 0,
                    "is_undefine": 1,
                    "is_featured": 1,
                    "new_product": 1,
                    "is_top": 1,
                    "is_best": 1,
                    "status": 1,
                    "is_specification": 1,
                    "created_at": "2025-05-29T08:13:49.000000Z",
                    "updated_at": "2025-07-03T06:16:57.000000Z",
                    "catalogid": 0,
                    "height": "500",
                    "width": "300",
                    "hsn_code": 0,
                    "is_external": 0,
                    "averageRating": "0",
                    "totalSold": "168",
                    "active_variants": []
                }
            ]
        }
    ],
    "brandVisibility": true,
    "brands": [
        {
            "id": 2,
            "name": "IKEA",
            "slug": "ikea",
            "logo": "uploads/custom-images/ikea-2025-05-21-04-02-36-5353.png",
            "status": 1,
            "created_at": "2024-07-12T01:59:05.000000Z",
            "updated_at": "2025-05-21T10:32:36.000000Z"
        }
    ],
    "flashSale": {
        "id": 1,
        "title": "WOO! Flash Sale",
        "homepage_image": "uploads/website-images/flash_sale--2024-07-02-12-58-36-1269.jpg",
        "flashsale_page_image": "uploads/website-images/flash_sale--2022-09-20-10-54-12-8555.png",
        "end_time": "2024-06-25 20:00:00",
        "offer": 10,
        "status": 1,
        "created_at": null,
        "updated_at": "2024-07-02T01:58:36.000000Z"
    },
    "flashSaleSidebarBanner": {
        "id": 24,
        "play_store": null,
        "image": "uploads/website-images/Mega-menu-2022-09-20-10-59-27-3427.png",
        "banner_location": "Homepage flash sale sidebar banner",
        "status": 1,
        "app_store": "#"
    },
    "topRatedVisibility": true,
    "topRatedProducts": [
        {
            "id": 1,
            "name": "Chair",
            "slug": "Chair",
            "icon": "fab fa-500px",
            "status": 1,
            "parent_id": null,
            "image": "uploads/custom-images/chair-2024-07-02-12-12-55-4347.jpg",
            "created_at": "2024-07-02T01:12:55.000000Z",
            "updated_at": "2024-08-10T03:31:48.000000Z",
            "hsn_code": "3,4",
            "products": [
                {
                    "id": 2,
                    "name": "Leather Chair",
                    "short_name": "Leather Chair",
                    "slug": "leather-chair",
                    "thumb_image": "uploads/custom-images/leather-chair-2024-07-02-12-23-33-9723.jpg",
                    "category_id": 1,
                    "brand_id": 0,
                    "qty": 9,
                    "weight": "175",
                    "sold_qty": 0,
                    "short_description": "Things You Need To Know There are many variations of passages of Lorem Ipsum available,",
                    "long_description": "<p>&nbsp;the majority have suffered alteration in some form, by injected humour,\r\n or randomised words which don't look even slightly believable. If you \r\nare going to use a passage of Lorem Ipsum, you need to...<br></p>",
                    "video_link": null,
                    "sku": null,
                    "seo_title": "Leather Chair",
                    "seo_description": "Leather Chair",
                    "price": 1500,
                    "offer_price": null,
                    "tags": null,
                    "show_homepage": 0,
                    "is_undefine": 1,
                    "is_featured": 0,
                    "new_product": 0,
                    "is_top": 1,
                    "is_best": 1,
                    "status": 1,
                    "is_specification": 0,
                    "created_at": "2024-07-02T01:23:33.000000Z",
                    "updated_at": "2025-07-03T06:16:57.000000Z",
                    "catalogid": 0,
                    "height": "15",
                    "width": "5",
                    "hsn_code": 100,
                    "is_external": 0,
                    "averageRating": "0",
                    "totalSold": "113",
                    "active_variants": []
                }
            ]
        },
        {
            "id": 2,
            "name": "Sofas",
            "slug": "Sofas",
            "icon": "fas fa-address-card",
            "status": 1,
            "parent_id": null,
            "image": "uploads/custom-images/sofas-2024-07-02-12-13-27-2672.jpg",
            "created_at": "2024-07-02T01:13:27.000000Z",
            "updated_at": "2024-08-10T03:30:41.000000Z",
            "hsn_code": "2",
            "products": [
                {
                    "id": 4,
                    "name": "Metric Sarl Sofa",
                    "short_name": "Metric Sarl Sofa",
                    "slug": "metric-sarl-sofa",
                    "thumb_image": "uploads/custom-images/metric-sarl-sofa-2024-07-02-12-27-10-1109.jpg",
                    "category_id": 2,
                    "brand_id": 0,
                    "qty": 99,
                    "weight": "123",
                    "sold_qty": 0,
                    "short_description": "Things You Need To Know There are many variations of passages of Lorem Ipsum available",
                    "long_description": "<p>the majority have suffered alteration in some form, by injected humour, \r\nor randomised words which don't look even slightly believable. If you \r\nare going to use a passage of Lorem Ipsum, you need to...<br></p>",
                    "video_link": null,
                    "sku": null,
                    "seo_title": "Metric Sarl Sofa",
                    "seo_description": "Metric Sarl Sofa",
                    "price": 15000,
                    "offer_price": null,
                    "tags": null,
                    "show_homepage": 0,
                    "is_undefine": 1,
                    "is_featured": 1,
                    "new_product": 0,
                    "is_top": 1,
                    "is_best": 0,
                    "status": 1,
                    "is_specification": 1,
                    "created_at": "2024-07-02T01:27:10.000000Z",
                    "updated_at": "2025-04-26T07:52:33.000000Z",
                    "catalogid": 0,
                    "height": "35",
                    "width": "10",
                    "hsn_code": 200,
                    "is_external": 0,
                    "averageRating": "0",
                    "totalSold": "145",
                    "active_variants": []
                },
                {
                    "id": 18,
                    "name": "KARA SOFA",
                    "short_name": "KARA SOFA",
                    "slug": "kara-sofa",
                    "thumb_image": "uploads/custom-images/kara-sofa-2025-05-29-01-43-49-9950.jpg",
                    "category_id": 2,
                    "brand_id": 2,
                    "qty": 9832,
                    "weight": "50000",
                    "sold_qty": 0,
                    "short_description": "Kara Sofa is an art deco-style sofa. Its art deco inspirations are reflected in its shapes, revealing an eclectic, luxurious style. This modern design sofa promises to be the absolute protagonist of a living room project.",
                    "long_description": "<p><span style=\"font-family: Helvetica;\">﻿</span><span style=\"color: rgb(69, 69, 69); font-family: Manrope, sans-serif; font-size: 13px; letter-spacing: 0.2925px; background-color: transparent;\">Kara Sofa is an art deco-style sofa. Its art deco inspirations are reflected in its shapes, revealing an eclectic, luxurious style. This modern design sofa promises to be the absolute protagonist of a living room project.</span><br></p>",
                    "video_link": null,
                    "sku": "9856123154",
                    "seo_title": "KARA SOFA",
                    "seo_description": "KARA SOFA",
                    "price": 5500,
                    "offer_price": 5400,
                    "tags": null,
                    "show_homepage": 0,
                    "is_undefine": 1,
                    "is_featured": 1,
                    "new_product": 1,
                    "is_top": 1,
                    "is_best": 1,
                    "status": 1,
                    "is_specification": 1,
                    "created_at": "2025-05-29T08:13:49.000000Z",
                    "updated_at": "2025-07-03T06:16:57.000000Z",
                    "catalogid": 0,
                    "height": "500",
                    "width": "300",
                    "hsn_code": 0,
                    "is_external": 0,
                    "averageRating": "0",
                    "totalSold": "168",
                    "active_variants": []
                }
            ]
        },
        {
            "id": 3,
            "name": "Reading Lamp",
            "slug": "reading-lamp",
            "icon": "fas fa-address-book",
            "status": 1,
            "parent_id": null,
            "image": "uploads/custom-images/reading-lamp-2024-07-02-12-14-59-6380.jpg",
            "created_at": "2024-07-02T01:14:59.000000Z",
            "updated_at": "2024-07-26T04:31:45.000000Z",
            "hsn_code": "3",
            "products": [
                {
                    "id": 7,
                    "name": "Belling Light",
                    "short_name": "Belling Light",
                    "slug": "belling-light",
                    "thumb_image": "uploads/custom-images/belling-light-2024-07-02-12-33-16-3468.jpg",
                    "category_id": 3,
                    "brand_id": 0,
                    "qty": -93,
                    "weight": "175",
                    "sold_qty": 0,
                    "short_description": "Things You Need To Know There are many variations of passages of Lorem Ipsum available,",
                    "long_description": "<p>&nbsp;the majority have suffered alteration in some form, by injected humour,\r\n or randomised words which don't look even slightly believable. If you \r\nare going to use a passage of Lorem Ipsum, you need to...<br></p>",
                    "video_link": null,
                    "sku": null,
                    "seo_title": "Belling Light",
                    "seo_description": "Belling Light",
                    "price": 1500,
                    "offer_price": null,
                    "tags": null,
                    "show_homepage": 0,
                    "is_undefine": 1,
                    "is_featured": 1,
                    "new_product": 0,
                    "is_top": 1,
                    "is_best": 0,
                    "status": 1,
                    "is_specification": 1,
                    "created_at": "2024-07-02T01:33:16.000000Z",
                    "updated_at": "2025-07-03T06:16:57.000000Z",
                    "catalogid": 0,
                    "height": "35",
                    "width": "35",
                    "hsn_code": 0,
                    "is_external": 0,
                    "averageRating": "0",
                    "totalSold": "193",
                    "active_variants": [
                        {
                            "id": 4,
                            "name": "Dimensions",
                            "product_id": 7,
                            "active_variant_items": [
                                {
                                    "product_variant_id": 4,
                                    "name": "15*30",
                                    "price": 2000,
                                    "id": 7
                                },
                                {
                                    "product_variant_id": 4,
                                    "name": "30*30",
                                    "price": 2200,
                                    "id": 8
                                },
                                {
                                    "product_variant_id": 4,
                                    "name": "50*50",
                                    "price": 2500,
                                    "id": 9
                                }
                            ]
                        }
                    ]
                }
            ]
        },
        {
            "id": 4,
            "name": "Wooden lamp",
            "slug": "wooden-lamp",
            "icon": "far fa-address-book",
            "status": 1,
            "parent_id": null,
            "image": "uploads/custom-images/wooden-lamp-2024-07-02-12-15-33-7676.jpg",
            "created_at": "2024-07-02T01:15:33.000000Z",
            "updated_at": "2024-08-10T03:31:31.000000Z",
            "hsn_code": "5",
            "products": [
                {
                    "id": 9,
                    "name": "Bedside Table",
                    "short_name": "Bedside Table",
                    "slug": "bedside-table",
                    "thumb_image": "uploads/custom-images/bedside-table-2024-07-02-12-39-59-7476.jpg",
                    "category_id": 4,
                    "brand_id": 0,
                    "qty": 72,
                    "weight": "300",
                    "sold_qty": 0,
                    "short_description": "Things You Need To Know There are many variations of passages of Lorem Ipsum available,",
                    "long_description": "<p>the majority have suffered alteration in some form, by injected humour, \r\nor randomised words which don't look even slightly believable. If you \r\nare going to use a passage of Lorem Ipsum, you need to...<br></p>",
                    "video_link": null,
                    "sku": null,
                    "seo_title": "Bedside Table",
                    "seo_description": "Bedside Table",
                    "price": 1500,
                    "offer_price": null,
                    "tags": null,
                    "show_homepage": 0,
                    "is_undefine": 1,
                    "is_featured": 1,
                    "new_product": 0,
                    "is_top": 1,
                    "is_best": 0,
                    "status": 1,
                    "is_specification": 0,
                    "created_at": "2024-07-02T01:39:59.000000Z",
                    "updated_at": "2025-03-22T08:58:38.000000Z",
                    "catalogid": 0,
                    "height": "123",
                    "width": "0123",
                    "hsn_code": 400,
                    "is_external": 0,
                    "averageRating": "0",
                    "totalSold": "28",
                    "active_variants": []
                },
                {
                    "id": 12,
                    "name": "EM Table",
                    "short_name": "EM Table",
                    "slug": "em-table",
                    "thumb_image": "uploads/custom-images/em-table-2024-07-02-12-47-33-9521.jpg",
                    "category_id": 4,
                    "brand_id": 2,
                    "qty": -126,
                    "weight": "123",
                    "sold_qty": 0,
                    "short_description": "Things You Need To Know There are many variations of passages of Lorem Ipsum available,",
                    "long_description": "<p>the majority have suffered alteration in some form, by injected humour, \r\nor randomised words which don't look even slightly believable. If you \r\nare going to use a passage of Lorem Ipsum, you need to...<br></p>",
                    "video_link": null,
                    "sku": "58578544785",
                    "seo_title": "EM Table",
                    "seo_description": "EM Table",
                    "price": 2400,
                    "offer_price": null,
                    "tags": null,
                    "show_homepage": 0,
                    "is_undefine": 1,
                    "is_featured": 1,
                    "new_product": 1,
                    "is_top": 1,
                    "is_best": 0,
                    "status": 1,
                    "is_specification": 0,
                    "created_at": "2024-07-02T01:47:33.000000Z",
                    "updated_at": "2025-07-03T06:16:57.000000Z",
                    "catalogid": 0,
                    "height": "12",
                    "width": "12",
                    "hsn_code": 0,
                    "is_external": 0,
                    "averageRating": "2.0000",
                    "totalSold": "248",
                    "active_variants": [
                        {
                            "id": 1,
                            "name": "EM Table 2",
                            "product_id": 12,
                            "active_variant_items": [
                                {
                                    "product_variant_id": 1,
                                    "name": "Em Table 15*24",
                                    "price": 1255,
                                    "id": 1
                                }
                            ]
                        },
                        {
                            "id": 2,
                            "name": "Size",
                            "product_id": 12,
                            "active_variant_items": [
                                {
                                    "product_variant_id": 2,
                                    "name": "xl",
                                    "price": 400,
                                    "id": 6
                                }
                            ]
                        }
                    ]
                }
            ]
        }
    ],
    "sellerVisibility": true,
    "twoColumnBannerOne": {
        "id": 19,
        "product_slug": "wardrobes",
        "image": "uploads/website-images/Mega-menu-2024-06-14-03-31-43-2409.png",
        "banner_location": "Two Column banner One",
        "status": 1,
        "title_one": "Beat wireless",
        "title_two": "Headphone",
        "badge": "HEADSET"
    },
    "twoColumnBannerTwo": {
        "id": 20,
        "product_slug": "electronics",
        "image": "uploads/website-images/Mega-menu-2022-10-27-01-43-27-5225.png",
        "banner_location": "Two Column Banner two",
        "status": 1,
        "title_one": "Samsung",
        "title_two": "Smart Watch II",
        "badge": "SMART WATCH"
    },
    "featuredProductVisibility": true,
    "featuredCategorySidebarBanner": "uploads/website-images/featured-cat-banner-2022-09-21-02-43-49-4710.jpg",
    "featuredCategories": [
        {
            "id": 1,
            "category_id": 1,
            "created_at": "2024-07-02T01:48:10.000000Z",
            "updated_at": "2024-07-02T01:48:10.000000Z",
            "category": {
                "id": 1,
                "name": "Chair",
                "slug": "Chair",
                "icon": "fab fa-500px",
                "status": 1,
                "parent_id": null,
                "image": "uploads/custom-images/chair-2024-07-02-12-12-55-4347.jpg",
                "created_at": "2024-07-02T01:12:55.000000Z",
                "updated_at": "2024-08-10T03:31:48.000000Z",
                "hsn_code": "3,4"
            }
        },
        {
            "id": 2,
            "category_id": 2,
            "created_at": "2025-04-11T12:57:01.000000Z",
            "updated_at": "2025-04-11T12:57:01.000000Z",
            "category": {
                "id": 2,
                "name": "Sofas",
                "slug": "Sofas",
                "icon": "fas fa-address-card",
                "status": 1,
                "parent_id": null,
                "image": "uploads/custom-images/sofas-2024-07-02-12-13-27-2672.jpg",
                "created_at": "2024-07-02T01:13:27.000000Z",
                "updated_at": "2024-08-10T03:30:41.000000Z",
                "hsn_code": "2"
            }
        }
    ],
    "featuredCategoryProducts": [
        {
            "id": 1,
            "name": "Chair",
            "slug": "Chair",
            "icon": "fab fa-500px",
            "status": 1,
            "parent_id": null,
            "image": "uploads/custom-images/chair-2024-07-02-12-12-55-4347.jpg",
            "created_at": "2024-07-02T01:12:55.000000Z",
            "updated_at": "2024-08-10T03:31:48.000000Z",
            "hsn_code": "3,4",
            "products": [
                {
                    "id": 1,
                    "name": "Rainbow Chair",
                    "short_name": "Rainbow Chair",
                    "slug": "rainbow-chair",
                    "thumb_image": "uploads/custom-images/rainbow-chair-2024-07-02-12-21-34-6110.jpg",
                    "category_id": 1,
                    "brand_id": 0,
                    "qty": 56,
                    "weight": "123",
                    "sold_qty": 0,
                    "short_description": "Things You Need To Know There are many variations of passages of Lorem Ipsum available, but the majority have suffered alteration in some form, by injected humour, or randomised words which don't look even slightly believable. If you are going to use a passage of Lorem Ipsum, you need to...",
                    "long_description": "\r\n                <p class=\"info_1\">We use industry standard SSL \r\nencryption to protect your details. Potentially sensitive information \r\nsuch as your name, address and card details are encoded so they can only\r\n be read on the secure server.</p>\r\n                <ul class=\"px-0 list-unstyled\">\r\n                  <li>Safe Payments</li>\r\n                  <li>Accept Credit Cart</li>\r\n                  <li>Different Payment Method</li>\r\n                  <li>Price Include VAT</li>\r\n                  <li>Easy To Order</li>\r\n                </ul>",
                    "video_link": null,
                    "sku": null,
                    "seo_title": "Rainbow Chair",
                    "seo_description": "Rainbow Chair",
                    "price": 1500,
                    "offer_price": null,
                    "tags": null,
                    "show_homepage": 0,
                    "is_undefine": 1,
                    "is_featured": 1,
                    "new_product": 1,
                    "is_top": 0,
                    "is_best": 0,
                    "status": 1,
                    "is_specification": 0,
                    "created_at": "2024-07-02T01:21:34.000000Z",
                    "updated_at": "2025-05-27T11:42:17.000000Z",
                    "catalogid": 0,
                    "height": "123",
                    "width": "123",
                    "hsn_code": 100,
                    "is_external": 0,
                    "averageRating": "0",
                    "totalSold": "45",
                    "active_variants": []
                }
            ]
        },
        {
            "id": 2,
            "name": "Sofas",
            "slug": "Sofas",
            "icon": "fas fa-address-card",
            "status": 1,
            "parent_id": null,
            "image": "uploads/custom-images/sofas-2024-07-02-12-13-27-2672.jpg",
            "created_at": "2024-07-02T01:13:27.000000Z",
            "updated_at": "2024-08-10T03:30:41.000000Z",
            "hsn_code": "2",
            "products": [
                {
                    "id": 4,
                    "name": "Metric Sarl Sofa",
                    "short_name": "Metric Sarl Sofa",
                    "slug": "metric-sarl-sofa",
                    "thumb_image": "uploads/custom-images/metric-sarl-sofa-2024-07-02-12-27-10-1109.jpg",
                    "category_id": 2,
                    "brand_id": 0,
                    "qty": 99,
                    "weight": "123",
                    "sold_qty": 0,
                    "short_description": "Things You Need To Know There are many variations of passages of Lorem Ipsum available",
                    "long_description": "<p>the majority have suffered alteration in some form, by injected humour, \r\nor randomised words which don't look even slightly believable. If you \r\nare going to use a passage of Lorem Ipsum, you need to...<br></p>",
                    "video_link": null,
                    "sku": null,
                    "seo_title": "Metric Sarl Sofa",
                    "seo_description": "Metric Sarl Sofa",
                    "price": 15000,
                    "offer_price": null,
                    "tags": null,
                    "show_homepage": 0,
                    "is_undefine": 1,
                    "is_featured": 1,
                    "new_product": 0,
                    "is_top": 1,
                    "is_best": 0,
                    "status": 1,
                    "is_specification": 1,
                    "created_at": "2024-07-02T01:27:10.000000Z",
                    "updated_at": "2025-04-26T07:52:33.000000Z",
                    "catalogid": 0,
                    "height": "35",
                    "width": "10",
                    "hsn_code": 200,
                    "is_external": 0,
                    "averageRating": "0",
                    "totalSold": "145",
                    "active_variants": []
                },
                {
                    "id": 18,
                    "name": "KARA SOFA",
                    "short_name": "KARA SOFA",
                    "slug": "kara-sofa",
                    "thumb_image": "uploads/custom-images/kara-sofa-2025-05-29-01-43-49-9950.jpg",
                    "category_id": 2,
                    "brand_id": 2,
                    "qty": 9832,
                    "weight": "50000",
                    "sold_qty": 0,
                    "short_description": "Kara Sofa is an art deco-style sofa. Its art deco inspirations are reflected in its shapes, revealing an eclectic, luxurious style. This modern design sofa promises to be the absolute protagonist of a living room project.",
                    "long_description": "<p><span style=\"font-family: Helvetica;\">﻿</span><span style=\"color: rgb(69, 69, 69); font-family: Manrope, sans-serif; font-size: 13px; letter-spacing: 0.2925px; background-color: transparent;\">Kara Sofa is an art deco-style sofa. Its art deco inspirations are reflected in its shapes, revealing an eclectic, luxurious style. This modern design sofa promises to be the absolute protagonist of a living room project.</span><br></p>",
                    "video_link": null,
                    "sku": "9856123154",
                    "seo_title": "KARA SOFA",
                    "seo_description": "KARA SOFA",
                    "price": 5500,
                    "offer_price": 5400,
                    "tags": null,
                    "show_homepage": 0,
                    "is_undefine": 1,
                    "is_featured": 1,
                    "new_product": 1,
                    "is_top": 1,
                    "is_best": 1,
                    "status": 1,
                    "is_specification": 1,
                    "created_at": "2025-05-29T08:13:49.000000Z",
                    "updated_at": "2025-07-03T06:16:57.000000Z",
                    "catalogid": 0,
                    "height": "500",
                    "width": "300",
                    "hsn_code": 0,
                    "is_external": 0,
                    "averageRating": "0",
                    "totalSold": "168",
                    "active_variants": []
                }
            ]
        },
        {
            "id": 3,
            "name": "Reading Lamp",
            "slug": "reading-lamp",
            "icon": "fas fa-address-book",
            "status": 1,
            "parent_id": null,
            "image": "uploads/custom-images/reading-lamp-2024-07-02-12-14-59-6380.jpg",
            "created_at": "2024-07-02T01:14:59.000000Z",
            "updated_at": "2024-07-26T04:31:45.000000Z",
            "hsn_code": "3",
            "products": [
                {
                    "id": 6,
                    "name": "Pilke Pendant Lamp",
                    "short_name": "Pilke Pendant Lamp",
                    "slug": "pilke-pendant-lamp",
                    "thumb_image": "uploads/custom-images/pilke-pendant-lamp-2024-07-02-12-31-12-6744.jpg",
                    "category_id": 3,
                    "brand_id": 0,
                    "qty": 915,
                    "weight": "180",
                    "sold_qty": 0,
                    "short_description": "Things You Need To Know There are many variations of passages of Lorem Ipsum available",
                    "long_description": "<p>the majority have suffered alteration in some form, by injected humour, \r\nor randomised words which don't look even slightly believable. If you \r\nare going to use a passage of Lorem Ipsum, you need to...<br></p>",
                    "video_link": null,
                    "sku": null,
                    "seo_title": "Pilke Pendant Lamp",
                    "seo_description": "Pilke Pendant Lamp",
                    "price": 1200,
                    "offer_price": 1000,
                    "tags": null,
                    "show_homepage": 0,
                    "is_undefine": 1,
                    "is_featured": 1,
                    "new_product": 0,
                    "is_top": 0,
                    "is_best": 1,
                    "status": 1,
                    "is_specification": 0,
                    "created_at": "2024-07-02T01:31:12.000000Z",
                    "updated_at": "2025-07-03T06:16:57.000000Z",
                    "catalogid": 0,
                    "height": "40",
                    "width": "10",
                    "hsn_code": 0,
                    "is_external": 0,
                    "averageRating": "0",
                    "totalSold": "185",
                    "active_variants": []
                },
                {
                    "id": 7,
                    "name": "Belling Light",
                    "short_name": "Belling Light",
                    "slug": "belling-light",
                    "thumb_image": "uploads/custom-images/belling-light-2024-07-02-12-33-16-3468.jpg",
                    "category_id": 3,
                    "brand_id": 0,
                    "qty": -93,
                    "weight": "175",
                    "sold_qty": 0,
                    "short_description": "Things You Need To Know There are many variations of passages of Lorem Ipsum available,",
                    "long_description": "<p>&nbsp;the majority have suffered alteration in some form, by injected humour,\r\n or randomised words which don't look even slightly believable. If you \r\nare going to use a passage of Lorem Ipsum, you need to...<br></p>",
                    "video_link": null,
                    "sku": null,
                    "seo_title": "Belling Light",
                    "seo_description": "Belling Light",
                    "price": 1500,
                    "offer_price": null,
                    "tags": null,
                    "show_homepage": 0,
                    "is_undefine": 1,
                    "is_featured": 1,
                    "new_product": 0,
                    "is_top": 1,
                    "is_best": 0,
                    "status": 1,
                    "is_specification": 1,
                    "created_at": "2024-07-02T01:33:16.000000Z",
                    "updated_at": "2025-07-03T06:16:57.000000Z",
                    "catalogid": 0,
                    "height": "35",
                    "width": "35",
                    "hsn_code": 0,
                    "is_external": 0,
                    "averageRating": "0",
                    "totalSold": "193",
                    "active_variants": [
                        {
                            "id": 4,
                            "name": "Dimensions",
                            "product_id": 7,
                            "active_variant_items": [
                                {
                                    "product_variant_id": 4,
                                    "name": "15*30",
                                    "price": 2000,
                                    "id": 7
                                },
                                {
                                    "product_variant_id": 4,
                                    "name": "30*30",
                                    "price": 2200,
                                    "id": 8
                                },
                                {
                                    "product_variant_id": 4,
                                    "name": "50*50",
                                    "price": 2500,
                                    "id": 9
                                }
                            ]
                        }
                    ]
                },
                {
                    "id": 8,
                    "name": "Orient Pendant Lamp",
                    "short_name": "Orient Pendant Lamp",
                    "slug": "orient-pendant-lamp",
                    "thumb_image": "uploads/custom-images/orient-pendant-lamp-2024-07-02-12-36-04-5068.jpg",
                    "category_id": 3,
                    "brand_id": 0,
                    "qty": -79,
                    "weight": "150",
                    "sold_qty": 0,
                    "short_description": "Things You Need To Know There are many variations of passages of Lorem Ipsum available,",
                    "long_description": "<p>&nbsp;the majority have suffered alteration in some form, by injected humour,\r\n or randomised words which don't look even slightly believable. If you \r\nare going to use a passage of Lorem Ipsum, you need to...<br></p>",
                    "video_link": null,
                    "sku": null,
                    "seo_title": "Orient Pendant Lamp",
                    "seo_description": "Orient Pendant Lamp",
                    "price": 1500,
                    "offer_price": null,
                    "tags": null,
                    "show_homepage": 0,
                    "is_undefine": 1,
                    "is_featured": 1,
                    "new_product": 0,
                    "is_top": 0,
                    "is_best": 1,
                    "status": 1,
                    "is_specification": 0,
                    "created_at": "2024-07-02T01:36:04.000000Z",
                    "updated_at": "2025-07-03T06:16:57.000000Z",
                    "catalogid": 0,
                    "height": "123",
                    "width": "35",
                    "hsn_code": 300,
                    "is_external": 0,
                    "averageRating": "0",
                    "totalSold": "177",
                    "active_variants": []
                }
            ]
        },
        {
            "id": 4,
            "name": "Wooden lamp",
            "slug": "wooden-lamp",
            "icon": "far fa-address-book",
            "status": 1,
            "parent_id": null,
            "image": "uploads/custom-images/wooden-lamp-2024-07-02-12-15-33-7676.jpg",
            "created_at": "2024-07-02T01:15:33.000000Z",
            "updated_at": "2024-08-10T03:31:31.000000Z",
            "hsn_code": "5",
            "products": [
                {
                    "id": 9,
                    "name": "Bedside Table",
                    "short_name": "Bedside Table",
                    "slug": "bedside-table",
                    "thumb_image": "uploads/custom-images/bedside-table-2024-07-02-12-39-59-7476.jpg",
                    "category_id": 4,
                    "brand_id": 0,
                    "qty": 72,
                    "weight": "300",
                    "sold_qty": 0,
                    "short_description": "Things You Need To Know There are many variations of passages of Lorem Ipsum available,",
                    "long_description": "<p>the majority have suffered alteration in some form, by injected humour, \r\nor randomised words which don't look even slightly believable. If you \r\nare going to use a passage of Lorem Ipsum, you need to...<br></p>",
                    "video_link": null,
                    "sku": null,
                    "seo_title": "Bedside Table",
                    "seo_description": "Bedside Table",
                    "price": 1500,
                    "offer_price": null,
                    "tags": null,
                    "show_homepage": 0,
                    "is_undefine": 1,
                    "is_featured": 1,
                    "new_product": 0,
                    "is_top": 1,
                    "is_best": 0,
                    "status": 1,
                    "is_specification": 0,
                    "created_at": "2024-07-02T01:39:59.000000Z",
                    "updated_at": "2025-03-22T08:58:38.000000Z",
                    "catalogid": 0,
                    "height": "123",
                    "width": "0123",
                    "hsn_code": 400,
                    "is_external": 0,
                    "averageRating": "0",
                    "totalSold": "28",
                    "active_variants": []
                },
                {
                    "id": 10,
                    "name": "Footrest Wooden Stool",
                    "short_name": "Footrest Wooden Stool",
                    "slug": "footrest-wooden-stool",
                    "thumb_image": "uploads/custom-images/footrest-wooden-stool-2024-07-02-12-42-18-2245.jpg",
                    "category_id": 4,
                    "brand_id": 1,
                    "qty": 12,
                    "weight": "500",
                    "sold_qty": 0,
                    "short_description": "text-sm text-normal",
                    "long_description": "<p><span style=\"color: rgb(222, 228, 228); font-family: monospace; font-size: 12px; white-space-collapse: preserve; background-color: rgb(33, 39, 40);\">text-sm text-normal </span><br></p>",
                    "video_link": null,
                    "sku": null,
                    "seo_title": "Footrest Wooden Stool",
                    "seo_description": "Footrest Wooden Stool",
                    "price": 1500,
                    "offer_price": null,
                    "tags": null,
                    "show_homepage": 0,
                    "is_undefine": 1,
                    "is_featured": 1,
                    "new_product": 1,
                    "is_top": 0,
                    "is_best": 0,
                    "status": 1,
                    "is_specification": 0,
                    "created_at": "2024-07-02T01:42:18.000000Z",
                    "updated_at": "2025-05-30T09:16:01.000000Z",
                    "catalogid": 0,
                    "height": "40",
                    "width": "20",
                    "hsn_code": 9,
                    "is_external": 0,
                    "averageRating": "0",
                    "totalSold": "85",
                    "active_variants": [
                        {
                            "id": 3,
                            "name": "Height",
                            "product_id": 10,
                            "active_variant_items": [
                                {
                                    "product_variant_id": 3,
                                    "name": "Large",
                                    "price": 0,
                                    "id": 4
                                }
                            ]
                        }
                    ]
                },
                {
                    "id": 11,
                    "name": "Garden Table",
                    "short_name": "Garden Table",
                    "slug": "garden-table",
                    "thumb_image": "uploads/custom-images/garden-table-2024-07-02-12-45-44-9198.jpg",
                    "category_id": 4,
                    "brand_id": 0,
                    "qty": 25,
                    "weight": "180",
                    "sold_qty": 0,
                    "short_description": "Things You Need To Know There are many variations of passages of Lorem Ipsum available,",
                    "long_description": "<p>the majority have suffered alteration in some form, by injected humour, \r\nor randomised words which don't look even slightly believable. If you \r\nare going to use a passage of Lorem Ipsum, you need to...<br></p>",
                    "video_link": null,
                    "sku": null,
                    "seo_title": "Garden Table",
                    "seo_description": "Garden Table",
                    "price": 1800,
                    "offer_price": null,
                    "tags": null,
                    "show_homepage": 0,
                    "is_undefine": 1,
                    "is_featured": 1,
                    "new_product": 0,
                    "is_top": 0,
                    "is_best": 1,
                    "status": 1,
                    "is_specification": 0,
                    "created_at": "2024-07-02T01:45:44.000000Z",
                    "updated_at": "2025-05-30T10:54:25.000000Z",
                    "catalogid": 0,
                    "height": "15",
                    "width": "15",
                    "hsn_code": 400,
                    "is_external": 0,
                    "averageRating": "0",
                    "totalSold": "294",
                    "active_variants": []
                },
                {
                    "id": 12,
                    "name": "EM Table",
                    "short_name": "EM Table",
                    "slug": "em-table",
                    "thumb_image": "uploads/custom-images/em-table-2024-07-02-12-47-33-9521.jpg",
                    "category_id": 4,
                    "brand_id": 2,
                    "qty": -126,
                    "weight": "123",
                    "sold_qty": 0,
                    "short_description": "Things You Need To Know There are many variations of passages of Lorem Ipsum available,",
                    "long_description": "<p>the majority have suffered alteration in some form, by injected humour, \r\nor randomised words which don't look even slightly believable. If you \r\nare going to use a passage of Lorem Ipsum, you need to...<br></p>",
                    "video_link": null,
                    "sku": "58578544785",
                    "seo_title": "EM Table",
                    "seo_description": "EM Table",
                    "price": 2400,
                    "offer_price": null,
                    "tags": null,
                    "show_homepage": 0,
                    "is_undefine": 1,
                    "is_featured": 1,
                    "new_product": 1,
                    "is_top": 1,
                    "is_best": 0,
                    "status": 1,
                    "is_specification": 0,
                    "created_at": "2024-07-02T01:47:33.000000Z",
                    "updated_at": "2025-07-03T06:16:57.000000Z",
                    "catalogid": 0,
                    "height": "12",
                    "width": "12",
                    "hsn_code": 0,
                    "is_external": 0,
                    "averageRating": "2.0000",
                    "totalSold": "248",
                    "active_variants": [
                        {
                            "id": 1,
                            "name": "EM Table 2",
                            "product_id": 12,
                            "active_variant_items": [
                                {
                                    "product_variant_id": 1,
                                    "name": "Em Table 15*24",
                                    "price": 1255,
                                    "id": 1
                                }
                            ]
                        },
                        {
                            "id": 2,
                            "name": "Size",
                            "product_id": 12,
                            "active_variant_items": [
                                {
                                    "product_variant_id": 2,
                                    "name": "xl",
                                    "price": 400,
                                    "id": 6
                                }
                            ]
                        }
                    ]
                }
            ]
        }
    ],
    "singleBannerOne": {
        "id": 21,
        "product_slug": "electronics",
        "image": "uploads/website-images/Mega-menu-2022-10-27-01-43-51-3694.png",
        "banner_location": "Homepage Single banner one",
        "status": 1,
        "title_one": "HEADPHONE",
        "title_two": "Get the best deal for Headphones"
    },
    "newArrivalProductVisibility": true,
    "newArrivalProducts": [
        {
            "id": 1,
            "name": "Chair",
            "slug": "Chair",
            "icon": "fab fa-500px",
            "status": 1,
            "parent_id": null,
            "image": "uploads/custom-images/chair-2024-07-02-12-12-55-4347.jpg",
            "created_at": "2024-07-02T01:12:55.000000Z",
            "updated_at": "2024-08-10T03:31:48.000000Z",
            "hsn_code": "3,4",
            "products": [
                {
                    "id": 1,
                    "name": "Rainbow Chair",
                    "short_name": "Rainbow Chair",
                    "slug": "rainbow-chair",
                    "thumb_image": "uploads/custom-images/rainbow-chair-2024-07-02-12-21-34-6110.jpg",
                    "category_id": 1,
                    "brand_id": 0,
                    "qty": 56,
                    "weight": "123",
                    "sold_qty": 0,
                    "short_description": "Things You Need To Know There are many variations of passages of Lorem Ipsum available, but the majority have suffered alteration in some form, by injected humour, or randomised words which don't look even slightly believable. If you are going to use a passage of Lorem Ipsum, you need to...",
                    "long_description": "\r\n                <p class=\"info_1\">We use industry standard SSL \r\nencryption to protect your details. Potentially sensitive information \r\nsuch as your name, address and card details are encoded so they can only\r\n be read on the secure server.</p>\r\n                <ul class=\"px-0 list-unstyled\">\r\n                  <li>Safe Payments</li>\r\n                  <li>Accept Credit Cart</li>\r\n                  <li>Different Payment Method</li>\r\n                  <li>Price Include VAT</li>\r\n                  <li>Easy To Order</li>\r\n                </ul>",
                    "video_link": null,
                    "sku": null,
                    "seo_title": "Rainbow Chair",
                    "seo_description": "Rainbow Chair",
                    "price": 1500,
                    "offer_price": null,
                    "tags": null,
                    "show_homepage": 0,
                    "is_undefine": 1,
                    "is_featured": 1,
                    "new_product": 1,
                    "is_top": 0,
                    "is_best": 0,
                    "status": 1,
                    "is_specification": 0,
                    "created_at": "2024-07-02T01:21:34.000000Z",
                    "updated_at": "2025-05-27T11:42:17.000000Z",
                    "catalogid": 0,
                    "height": "123",
                    "width": "123",
                    "hsn_code": 100,
                    "is_external": 0,
                    "averageRating": "0",
                    "totalSold": "45",
                    "active_variants": []
                },
                {
                    "id": 3,
                    "name": "Low Oak Stool",
                    "short_name": "Low Oak Stool",
                    "slug": "low-oak-stool",
                    "thumb_image": "uploads/custom-images/low-oak-stool-2024-07-02-12-24-58-9984.jpg",
                    "category_id": 1,
                    "brand_id": 0,
                    "qty": 93,
                    "weight": "123",
                    "sold_qty": 0,
                    "short_description": "Things You Need To Know There are many variations of passages of Lorem Ipsum available",
                    "long_description": "<p>the majority have suffered alteration in some form, by injected humour, \r\nor randomised words which don't look even slightly believable. If you \r\nare going to use a passage of Lorem Ipsum, you need to...<br></p>",
                    "video_link": null,
                    "sku": null,
                    "seo_title": "Low Oak Stool",
                    "seo_description": "Low Oak Stool",
                    "price": 1200,
                    "offer_price": null,
                    "tags": null,
                    "show_homepage": 0,
                    "is_undefine": 1,
                    "is_featured": 0,
                    "new_product": 1,
                    "is_top": 0,
                    "is_best": 1,
                    "status": 1,
                    "is_specification": 0,
                    "created_at": "2024-07-02T01:24:58.000000Z",
                    "updated_at": "2024-12-26T09:41:10.000000Z",
                    "catalogid": 0,
                    "height": "10",
                    "width": "10",
                    "hsn_code": 100,
                    "is_external": 0,
                    "averageRating": "0",
                    "totalSold": "6",
                    "active_variants": []
                }
            ]
        },
        {
            "id": 2,
            "name": "Sofas",
            "slug": "Sofas",
            "icon": "fas fa-address-card",
            "status": 1,
            "parent_id": null,
            "image": "uploads/custom-images/sofas-2024-07-02-12-13-27-2672.jpg",
            "created_at": "2024-07-02T01:13:27.000000Z",
            "updated_at": "2024-08-10T03:30:41.000000Z",
            "hsn_code": "2",
            "products": [
                {
                    "id": 18,
                    "name": "KARA SOFA",
                    "short_name": "KARA SOFA",
                    "slug": "kara-sofa",
                    "thumb_image": "uploads/custom-images/kara-sofa-2025-05-29-01-43-49-9950.jpg",
                    "category_id": 2,
                    "brand_id": 2,
                    "qty": 9832,
                    "weight": "50000",
                    "sold_qty": 0,
                    "short_description": "Kara Sofa is an art deco-style sofa. Its art deco inspirations are reflected in its shapes, revealing an eclectic, luxurious style. This modern design sofa promises to be the absolute protagonist of a living room project.",
                    "long_description": "<p><span style=\"font-family: Helvetica;\">﻿</span><span style=\"color: rgb(69, 69, 69); font-family: Manrope, sans-serif; font-size: 13px; letter-spacing: 0.2925px; background-color: transparent;\">Kara Sofa is an art deco-style sofa. Its art deco inspirations are reflected in its shapes, revealing an eclectic, luxurious style. This modern design sofa promises to be the absolute protagonist of a living room project.</span><br></p>",
                    "video_link": null,
                    "sku": "9856123154",
                    "seo_title": "KARA SOFA",
                    "seo_description": "KARA SOFA",
                    "price": 5500,
                    "offer_price": 5400,
                    "tags": null,
                    "show_homepage": 0,
                    "is_undefine": 1,
                    "is_featured": 1,
                    "new_product": 1,
                    "is_top": 1,
                    "is_best": 1,
                    "status": 1,
                    "is_specification": 1,
                    "created_at": "2025-05-29T08:13:49.000000Z",
                    "updated_at": "2025-07-03T06:16:57.000000Z",
                    "catalogid": 0,
                    "height": "500",
                    "width": "300",
                    "hsn_code": 0,
                    "is_external": 0,
                    "averageRating": "0",
                    "totalSold": "168",
                    "active_variants": []
                }
            ]
        },
        {
            "id": 4,
            "name": "Wooden lamp",
            "slug": "wooden-lamp",
            "icon": "far fa-address-book",
            "status": 1,
            "parent_id": null,
            "image": "uploads/custom-images/wooden-lamp-2024-07-02-12-15-33-7676.jpg",
            "created_at": "2024-07-02T01:15:33.000000Z",
            "updated_at": "2024-08-10T03:31:31.000000Z",
            "hsn_code": "5",
            "products": [
                {
                    "id": 10,
                    "name": "Footrest Wooden Stool",
                    "short_name": "Footrest Wooden Stool",
                    "slug": "footrest-wooden-stool",
                    "thumb_image": "uploads/custom-images/footrest-wooden-stool-2024-07-02-12-42-18-2245.jpg",
                    "category_id": 4,
                    "brand_id": 1,
                    "qty": 12,
                    "weight": "500",
                    "sold_qty": 0,
                    "short_description": "text-sm text-normal",
                    "long_description": "<p><span style=\"color: rgb(222, 228, 228); font-family: monospace; font-size: 12px; white-space-collapse: preserve; background-color: rgb(33, 39, 40);\">text-sm text-normal </span><br></p>",
                    "video_link": null,
                    "sku": null,
                    "seo_title": "Footrest Wooden Stool",
                    "seo_description": "Footrest Wooden Stool",
                    "price": 1500,
                    "offer_price": null,
                    "tags": null,
                    "show_homepage": 0,
                    "is_undefine": 1,
                    "is_featured": 1,
                    "new_product": 1,
                    "is_top": 0,
                    "is_best": 0,
                    "status": 1,
                    "is_specification": 0,
                    "created_at": "2024-07-02T01:42:18.000000Z",
                    "updated_at": "2025-05-30T09:16:01.000000Z",
                    "catalogid": 0,
                    "height": "40",
                    "width": "20",
                    "hsn_code": 9,
                    "is_external": 0,
                    "averageRating": "0",
                    "totalSold": "85",
                    "active_variants": [
                        {
                            "id": 3,
                            "name": "Height",
                            "product_id": 10,
                            "active_variant_items": [
                                {
                                    "product_variant_id": 3,
                                    "name": "Large",
                                    "price": 0,
                                    "id": 4
                                }
                            ]
                        }
                    ]
                },
                {
                    "id": 12,
                    "name": "EM Table",
                    "short_name": "EM Table",
                    "slug": "em-table",
                    "thumb_image": "uploads/custom-images/em-table-2024-07-02-12-47-33-9521.jpg",
                    "category_id": 4,
                    "brand_id": 2,
                    "qty": -126,
                    "weight": "123",
                    "sold_qty": 0,
                    "short_description": "Things You Need To Know There are many variations of passages of Lorem Ipsum available,",
                    "long_description": "<p>the majority have suffered alteration in some form, by injected humour, \r\nor randomised words which don't look even slightly believable. If you \r\nare going to use a passage of Lorem Ipsum, you need to...<br></p>",
                    "video_link": null,
                    "sku": "58578544785",
                    "seo_title": "EM Table",
                    "seo_description": "EM Table",
                    "price": 2400,
                    "offer_price": null,
                    "tags": null,
                    "show_homepage": 0,
                    "is_undefine": 1,
                    "is_featured": 1,
                    "new_product": 1,
                    "is_top": 1,
                    "is_best": 0,
                    "status": 1,
                    "is_specification": 0,
                    "created_at": "2024-07-02T01:47:33.000000Z",
                    "updated_at": "2025-07-03T06:16:57.000000Z",
                    "catalogid": 0,
                    "height": "12",
                    "width": "12",
                    "hsn_code": 0,
                    "is_external": 0,
                    "averageRating": "2.0000",
                    "totalSold": "248",
                    "active_variants": [
                        {
                            "id": 1,
                            "name": "EM Table 2",
                            "product_id": 12,
                            "active_variant_items": [
                                {
                                    "product_variant_id": 1,
                                    "name": "Em Table 15*24",
                                    "price": 1255,
                                    "id": 1
                                }
                            ]
                        },
                        {
                            "id": 2,
                            "name": "Size",
                            "product_id": 12,
                            "active_variant_items": [
                                {
                                    "product_variant_id": 2,
                                    "name": "xl",
                                    "price": 400,
                                    "id": 6
                                }
                            ]
                        }
                    ]
                }
            ]
        }
    ],
    "bestProductVisibility": true,
    "singleBannerTwo": {
        "id": 22,
        "product_slug": "electronics",
        "image": "uploads/website-images/Mega-menu-2022-10-27-01-44-06-8672.png",
        "banner_location": "Homepage Single banner Two",
        "status": 1,
        "title_one": "Get the best deal for Headphones"
    },
    "bestProducts": [
        {
            "id": 1,
            "name": "Chair",
            "slug": "Chair",
            "icon": "fab fa-500px",
            "status": 1,
            "parent_id": null,
            "image": "uploads/custom-images/chair-2024-07-02-12-12-55-4347.jpg",
            "created_at": "2024-07-02T01:12:55.000000Z",
            "updated_at": "2024-08-10T03:31:48.000000Z",
            "hsn_code": "3,4",
            "products": [
                {
                    "id": 2,
                    "name": "Leather Chair",
                    "short_name": "Leather Chair",
                    "slug": "leather-chair",
                    "thumb_image": "uploads/custom-images/leather-chair-2024-07-02-12-23-33-9723.jpg",
                    "category_id": 1,
                    "brand_id": 0,
                    "qty": 9,
                    "weight": "175",
                    "sold_qty": 0,
                    "short_description": "Things You Need To Know There are many variations of passages of Lorem Ipsum available,",
                    "long_description": "<p>&nbsp;the majority have suffered alteration in some form, by injected humour,\r\n or randomised words which don't look even slightly believable. If you \r\nare going to use a passage of Lorem Ipsum, you need to...<br></p>",
                    "video_link": null,
                    "sku": null,
                    "seo_title": "Leather Chair",
                    "seo_description": "Leather Chair",
                    "price": 1500,
                    "offer_price": null,
                    "tags": null,
                    "show_homepage": 0,
                    "is_undefine": 1,
                    "is_featured": 0,
                    "new_product": 0,
                    "is_top": 1,
                    "is_best": 1,
                    "status": 1,
                    "is_specification": 0,
                    "created_at": "2024-07-02T01:23:33.000000Z",
                    "updated_at": "2025-07-03T06:16:57.000000Z",
                    "catalogid": 0,
                    "height": "15",
                    "width": "5",
                    "hsn_code": 100,
                    "is_external": 0,
                    "averageRating": "0",
                    "totalSold": "113",
                    "active_variants": []
                },
                {
                    "id": 3,
                    "name": "Low Oak Stool",
                    "short_name": "Low Oak Stool",
                    "slug": "low-oak-stool",
                    "thumb_image": "uploads/custom-images/low-oak-stool-2024-07-02-12-24-58-9984.jpg",
                    "category_id": 1,
                    "brand_id": 0,
                    "qty": 93,
                    "weight": "123",
                    "sold_qty": 0,
                    "short_description": "Things You Need To Know There are many variations of passages of Lorem Ipsum available",
                    "long_description": "<p>the majority have suffered alteration in some form, by injected humour, \r\nor randomised words which don't look even slightly believable. If you \r\nare going to use a passage of Lorem Ipsum, you need to...<br></p>",
                    "video_link": null,
                    "sku": null,
                    "seo_title": "Low Oak Stool",
                    "seo_description": "Low Oak Stool",
                    "price": 1200,
                    "offer_price": null,
                    "tags": null,
                    "show_homepage": 0,
                    "is_undefine": 1,
                    "is_featured": 0,
                    "new_product": 1,
                    "is_top": 0,
                    "is_best": 1,
                    "status": 1,
                    "is_specification": 0,
                    "created_at": "2024-07-02T01:24:58.000000Z",
                    "updated_at": "2024-12-26T09:41:10.000000Z",
                    "catalogid": 0,
                    "height": "10",
                    "width": "10",
                    "hsn_code": 100,
                    "is_external": 0,
                    "averageRating": "0",
                    "totalSold": "6",
                    "active_variants": []
                }
            ]
        },
        {
            "id": 2,
            "name": "Sofas",
            "slug": "Sofas",
            "icon": "fas fa-address-card",
            "status": 1,
            "parent_id": null,
            "image": "uploads/custom-images/sofas-2024-07-02-12-13-27-2672.jpg",
            "created_at": "2024-07-02T01:13:27.000000Z",
            "updated_at": "2024-08-10T03:30:41.000000Z",
            "hsn_code": "2",
            "products": [
                {
                    "id": 18,
                    "name": "KARA SOFA",
                    "short_name": "KARA SOFA",
                    "slug": "kara-sofa",
                    "thumb_image": "uploads/custom-images/kara-sofa-2025-05-29-01-43-49-9950.jpg",
                    "category_id": 2,
                    "brand_id": 2,
                    "qty": 9832,
                    "weight": "50000",
                    "sold_qty": 0,
                    "short_description": "Kara Sofa is an art deco-style sofa. Its art deco inspirations are reflected in its shapes, revealing an eclectic, luxurious style. This modern design sofa promises to be the absolute protagonist of a living room project.",
                    "long_description": "<p><span style=\"font-family: Helvetica;\">﻿</span><span style=\"color: rgb(69, 69, 69); font-family: Manrope, sans-serif; font-size: 13px; letter-spacing: 0.2925px; background-color: transparent;\">Kara Sofa is an art deco-style sofa. Its art deco inspirations are reflected in its shapes, revealing an eclectic, luxurious style. This modern design sofa promises to be the absolute protagonist of a living room project.</span><br></p>",
                    "video_link": null,
                    "sku": "9856123154",
                    "seo_title": "KARA SOFA",
                    "seo_description": "KARA SOFA",
                    "price": 5500,
                    "offer_price": 5400,
                    "tags": null,
                    "show_homepage": 0,
                    "is_undefine": 1,
                    "is_featured": 1,
                    "new_product": 1,
                    "is_top": 1,
                    "is_best": 1,
                    "status": 1,
                    "is_specification": 1,
                    "created_at": "2025-05-29T08:13:49.000000Z",
                    "updated_at": "2025-07-03T06:16:57.000000Z",
                    "catalogid": 0,
                    "height": "500",
                    "width": "300",
                    "hsn_code": 0,
                    "is_external": 0,
                    "averageRating": "0",
                    "totalSold": "168",
                    "active_variants": []
                }
            ]
        },
        {
            "id": 3,
            "name": "Reading Lamp",
            "slug": "reading-lamp",
            "icon": "fas fa-address-book",
            "status": 1,
            "parent_id": null,
            "image": "uploads/custom-images/reading-lamp-2024-07-02-12-14-59-6380.jpg",
            "created_at": "2024-07-02T01:14:59.000000Z",
            "updated_at": "2024-07-26T04:31:45.000000Z",
            "hsn_code": "3",
            "products": [
                {
                    "id": 6,
                    "name": "Pilke Pendant Lamp",
                    "short_name": "Pilke Pendant Lamp",
                    "slug": "pilke-pendant-lamp",
                    "thumb_image": "uploads/custom-images/pilke-pendant-lamp-2024-07-02-12-31-12-6744.jpg",
                    "category_id": 3,
                    "brand_id": 0,
                    "qty": 915,
                    "weight": "180",
                    "sold_qty": 0,
                    "short_description": "Things You Need To Know There are many variations of passages of Lorem Ipsum available",
                    "long_description": "<p>the majority have suffered alteration in some form, by injected humour, \r\nor randomised words which don't look even slightly believable. If you \r\nare going to use a passage of Lorem Ipsum, you need to...<br></p>",
                    "video_link": null,
                    "sku": null,
                    "seo_title": "Pilke Pendant Lamp",
                    "seo_description": "Pilke Pendant Lamp",
                    "price": 1200,
                    "offer_price": 1000,
                    "tags": null,
                    "show_homepage": 0,
                    "is_undefine": 1,
                    "is_featured": 1,
                    "new_product": 0,
                    "is_top": 0,
                    "is_best": 1,
                    "status": 1,
                    "is_specification": 0,
                    "created_at": "2024-07-02T01:31:12.000000Z",
                    "updated_at": "2025-07-03T06:16:57.000000Z",
                    "catalogid": 0,
                    "height": "40",
                    "width": "10",
                    "hsn_code": 0,
                    "is_external": 0,
                    "averageRating": "0",
                    "totalSold": "185",
                    "active_variants": []
                },
                {
                    "id": 8,
                    "name": "Orient Pendant Lamp",
                    "short_name": "Orient Pendant Lamp",
                    "slug": "orient-pendant-lamp",
                    "thumb_image": "uploads/custom-images/orient-pendant-lamp-2024-07-02-12-36-04-5068.jpg",
                    "category_id": 3,
                    "brand_id": 0,
                    "qty": -79,
                    "weight": "150",
                    "sold_qty": 0,
                    "short_description": "Things You Need To Know There are many variations of passages of Lorem Ipsum available,",
                    "long_description": "<p>&nbsp;the majority have suffered alteration in some form, by injected humour,\r\n or randomised words which don't look even slightly believable. If you \r\nare going to use a passage of Lorem Ipsum, you need to...<br></p>",
                    "video_link": null,
                    "sku": null,
                    "seo_title": "Orient Pendant Lamp",
                    "seo_description": "Orient Pendant Lamp",
                    "price": 1500,
                    "offer_price": null,
                    "tags": null,
                    "show_homepage": 0,
                    "is_undefine": 1,
                    "is_featured": 1,
                    "new_product": 0,
                    "is_top": 0,
                    "is_best": 1,
                    "status": 1,
                    "is_specification": 0,
                    "created_at": "2024-07-02T01:36:04.000000Z",
                    "updated_at": "2025-07-03T06:16:57.000000Z",
                    "catalogid": 0,
                    "height": "123",
                    "width": "35",
                    "hsn_code": 300,
                    "is_external": 0,
                    "averageRating": "0",
                    "totalSold": "177",
                    "active_variants": []
                }
            ]
        },
        {
            "id": 4,
            "name": "Wooden lamp",
            "slug": "wooden-lamp",
            "icon": "far fa-address-book",
            "status": 1,
            "parent_id": null,
            "image": "uploads/custom-images/wooden-lamp-2024-07-02-12-15-33-7676.jpg",
            "created_at": "2024-07-02T01:15:33.000000Z",
            "updated_at": "2024-08-10T03:31:31.000000Z",
            "hsn_code": "5",
            "products": [
                {
                    "id": 11,
                    "name": "Garden Table",
                    "short_name": "Garden Table",
                    "slug": "garden-table",
                    "thumb_image": "uploads/custom-images/garden-table-2024-07-02-12-45-44-9198.jpg",
                    "category_id": 4,
                    "brand_id": 0,
                    "qty": 25,
                    "weight": "180",
                    "sold_qty": 0,
                    "short_description": "Things You Need To Know There are many variations of passages of Lorem Ipsum available,",
                    "long_description": "<p>the majority have suffered alteration in some form, by injected humour, \r\nor randomised words which don't look even slightly believable. If you \r\nare going to use a passage of Lorem Ipsum, you need to...<br></p>",
                    "video_link": null,
                    "sku": null,
                    "seo_title": "Garden Table",
                    "seo_description": "Garden Table",
                    "price": 1800,
                    "offer_price": null,
                    "tags": null,
                    "show_homepage": 0,
                    "is_undefine": 1,
                    "is_featured": 1,
                    "new_product": 0,
                    "is_top": 0,
                    "is_best": 1,
                    "status": 1,
                    "is_specification": 0,
                    "created_at": "2024-07-02T01:45:44.000000Z",
                    "updated_at": "2025-05-30T10:54:25.000000Z",
                    "catalogid": 0,
                    "height": "15",
                    "width": "15",
                    "hsn_code": 400,
                    "is_external": 0,
                    "averageRating": "0",
                    "totalSold": "294",
                    "active_variants": []
                }
            ]
        }
    ],
    "subscriptionBanner": {
        "id": 27,
        "image": "uploads/website-images/banner-2022-09-25-05-12-43-6914.png",
        "banner_location": "Subscribe section banner",
        "header": "Get our latest offer",
        "title": "by subscription"
    }
}
