{
  "language": {
    "blogs details": "blogs details",
    "Search products": "Search products",
    "products": "products",
    "Product": "Product",
    "Somethings went wrong": "Somethings went wrong",
    "Become seller": "Become seller",
    "Cart": "Cart",
    "Checkout": "Checkout",
    "FAQ": "FAQ",
    "Forgot password": "Forgot password",
    "Login": "Login",
    "Privacy Policy": "Privacy Policy",
    "Product Compaire": "Product Compaire",
    "Signup": "Signup",
    "Term and Conditions": "Terms and Conditions",
    "Home": "Home",
    "About us": "About us",
    "Contact Us": "Contact Us",
    "Customers Feedback": "Customers Feedback",
    "My Latest News": "My Latest News",
    "Shop Now": "Shop Now",
    "Showing": "Showing",
    "results": "results",
    "View by": "View by",
    "Product categories": "Product categories",
    "Price Range": "Price Range",
    "Price": "Price",
    "Brands": "Brands",
    "Send": "Send",
    "Reset Password": "Reset Password",
    "OTP": "OTP",
    "Email Address": "Email Address",
    "Email": "Email",
    "New Password": "New Password",
    "Confirm Password": "Confirm Password",
    "Reset": "Reset",
    "Please verify your account. If you didnt get OTP, please resend your OTP and verify": "Please verify your account. If you didnt get OTP, please resend your OTP and verify",
    "Send OTP": "Send OTP",
    "Login Successfully": "Login Successfully",
    "Invalid Credentials": "Invalid Credentials",
    "Log In": "Log In",
    "Password": "Password",
    "Remember Me": "Remember Me",
    "Dont't have an account": "Dont't have an account",
    "sign up free": "sign up free",
    "dashboard": "dashboard",
    "profile": "profile",
    "Your Dashboard": "Your Dashboard",
    "Switch Dashboard": "Switch Dashboard",
    "Dashboard": "Dashboard",
    "Personal Info": "Personal Info",
    "Order": "Order",
    "Wishlist": "Wishlist",
    "Address": "Address",
    "Reviews": "Reviews",
    "Change Password": "Change Password",
    "Logout": "Logout",
    "Add New Address": "Add New Address",
    "First Name": "First Name",
    "Demo Name": "Demo Name",
    "Last Name": "Last Name",
    "Phone Number": "Phone Number",
    "phone": "phone",
    "Country": "Country",
    "Select": "Select",
    "State": "State",
    "City": "City",
    "your address here": "your address here",
    "Office": "Office",
    "Save Address": "Save Address",
    "Name": "Name",
    "Hello": "Hello",
    "Welcome to your Profile": "Welcome to your Profile",
    "New Orders": "New Orders",
    "Delivery Completed": "Delivery Completed",
    "Total Orders": "Total Orders",
    "Personal Information": "Personal Information",
    "Date": "Date",
    "Amount": "Amount",
    "Action": "Action",
    "View Details": "View Details",
    "Old Password": "Old Password",
    "Re-enter Password": "Re-enter Password",
    "Update Password": "Update Password",
    "Cancel": "Cancel",
    "Read Only": "Read Only",
    "Update Profile": "Update Profile",
    "Profile of at least Size": "Profile of at least Size",
    "Max 5mb": "Max 5mb",
    "Pending review": "Pending review",
    "Clear wishlist": "Clear wishlist",
    "Clean Wishlist": "Clean Wishlist",
    "View Cards": "View Cards",
    "Verify You": "Verify You",
    "Verify": "Verify",
    "Create Account": "Create Account",
    "in ecoShop": "in ShopO",
    "Already have an Account": "Already have an Account",
    "Congratulation Your seller request successfully delivered": "Congratulation Your seller request successfully delivered",
    "Please Login First": "Please Login First",
    "Seller Information": "Seller Information",
    "Fill the form below or write us We will help you as soon as possible": "Fill the form below or write us We will help you as soon as possible",
    "Shop Information": "Shop Information",
    "Shop Name": "Business name",
    "Your address Here": "Your address Here",
    "I agree all terms and condition in ecoShop": "I agree all terms and condition in Kalalay",
    "Create Seller Account": "Create Seller Account",
    "Update Logo": "Update Logo",
    "Gifs work too": "Gifs work too",
    "Update Cover": "Update Cover",
    "Cover of at least Size": "Cover of at least Size",
    "blogs": "blogs",
    "By Admin": "By Admin",
    "Search": "Search",
    "Latest Post": "Latest Post",
    "Categories": "Categories",
    "Our Newsletter": "Our Newsletter",
    "Follow our newsletter to stay updated about us": "Follow our newsletter to stay updated about us",
    "Subscribe": "Subscribe",
    "Message": "Message",
    "Submit Review": "Submit Review",
    "Comments": "Comments",
    "Blog Not Found": "Blog Not Found",
    "Remove from Cart": "Remove from Cart",
    "No items found": "No items found",
    "View Cart": "View Cart",
    "Checkout Now": "Checkout Now",
    "Get Return within": "Get Return within 30 days",
    "cart": "cart",
    "Clear Cart": "Clear Cart",
    "Update Cart": "Update Cart",
    "Proceed to Checkout": "Proceed to Checkout",
    "checkout": "checkout",
    "Addresses": "Addresses",
    "Billing Address": "Billing Address",
    "Shipping Address": "Shipping Address",
    "Add New": "Add New",
    "Selected": "Selected",
    "Add new address": "Add new address",
    "Apply Coupon": "Apply Coupon",
    "Order Summary": "Order Summary",
    "total": "total",
    "SUBTOTAL": "SUBTOTAL",
    "Shipping": "Shipping",
    "Cash On Delivery": "Cash On Delivery",
    "Transaction Information": "Transaction Information",
    "Place Order Now": "Place Order Now",
    "Get In Touch": "Get In Touch",
    "Send Now": "Send Now",
    "Back to Shop": "Back to Shop",
    "Empty! You don't Cart any Products": "Empty! You don't Cart any Products",
    "Empty! You don't Wishlist any Products": "Empty! You don't Wishlist any Products",
    "Frequently asked questions": "Frequently asked questions",
    "Have Any Qustion": "Have Any Qustion",
    "Days": "Days",
    "Hours": "Hours",
    "Minutes": "Minutes",
    "Seconds": "Seconds",
    "Sorry! We cant't Find that page!": "Sorry! We cant't Find that page!",
    "Add To Cart": "Add To Cart",
    "Item added": "Item added",
    "Go To Cart": "Go To Cart",
    "Select One": "Select One",
    "Get the Coupon": "Get the Coupon",
    "View More": "View More",
    "OFF": "OFF",
    "Main Menu": "Main Menu",
    "About": "About",
    "Contact": "Contact",
    "Delivered on": "Delivered on",
    "Your order is declined": "Your order is declined",
    "Pending": "Pending",
    "Progress": "Progress",
    "Delivered": "Delivered",
    "Order ID": "Order ID",
    "Type": "Type",
    "Print PDF": "Print Bill",
    "quantity": "quantity",
    "review": "review",
    "Shipping Cost": "Shipping Cost",
    "Write Your Reviews": "Write Your Reviews",
    "Contact Info": "Contact Info",
    "Hi": "Hi",
    "Settings": "Settings",
    "Sign Out": "Sign Out",
    "All Categories": "All Categories",
    "Shop": "Shop",
    "Sellers": "Sellers",
    "Pages": "Pages",
    "Seller Login": "Seller Login",
    "Account": "My Account",
    "Track Order": "Track Order",
    "Support": "Support",
    "compare": "compare",
    "Product Comparison": "Product Comparison",
    "Select products to see the differences and similarities between them": "Select products to see the differences and similarities between them",
    "Star Rating": "Star Rating",
    "Availability": "Availability",
    "In Stock": "In Stock",
    "Out of Stock": "Out of Stock",
    "Specification": "Specification",
    "Your Compare List Is Empty": "Your Compare List Is Empty",
    "Store Open": "Store Open",
    "Description": "Description",
    "Seller Info": "Seller Info",
    "Introduction": "Introduction",
    "Related Product": "Related Product",
    "Report Products": "Report Products",
    "Enter Report Ttile": "Enter Report Ttile",
    "Enter Report Note": "Enter Report Note",
    "Submit Report": "Submit Report",
    "Report This Item": "Report This Item",
    "Share This": "Share This",
    "View Shop": "View Shop",
    "Track Your Order": "Track Your Order",
    "Enter your order tracking number and your secret id": "Enter your order tracking number and your secret id",
    "Track Now": "Track Now",
    "wishlist": "wishlist",
    "Update address": "Update address",
    "Our blogs": "Our blogs",
    "Show more": "Show more",
    "leave a comment": "leave a comment",
    "Write something": "Write something",
    "Your cart": "Your cart",
    "Something missing": "Something missing",
    "Select your payment system": "Select your payment system",
    "Discount code": "Discount code",
    "Apply": "Apply",
    "Bank Payment": "Bank Payment",
    "Subject": "Subject",
    "Seller terms and conditions": "Seller terms and conditions",
    "Completed": "Completed",
    "Declined": "Declined",
    "Delivered On": "Delivered On",
    "Total Paid": "Total Paid",
    "of": "of",
    "Products Available": "Products Available",
    "Products not Available": "Products not Available",
    "SKU": "SKU",
    "order number": "order number",
    "order tracking nubmer": "order tracking nubmer",
    "Invalid data": "Invalid data",
    "Delivery Date": "Delivery Date",
    "Accept All": "Accept All",
    "Deny": "Deny",
    "Read more": "Read more",
    "category": "category",
    "Coupon Applied": "Coupon Applied",
    "Discount coupon": "Discount coupon",
    "Your total price not able to apply coupon": "Your total price not able to apply coupon",
    "Please Select Your Payment Method": "Please Select Your Payment Method",
    "Please Select Shipping Rule": "Please Select Shipping Rule",
    "Enabled Location": "Enabled Location",
    "Not Now": "Not Now",
    "Choose Product": "Choose Product",
    "Make Your Payment": "Make Your Payment",
    "Fast Delivery": "Fast Delivery",
    "on boarding subtitle": "Topcommerce is a online store. Its has  50k+ Products. you can buy every into a products in easy way.",
    "next": "Next",
    "see all": "See all",
    "See all Reviews": "See all Reviews",
    "Confirm Email": "Enter Confirm Email",
    "Password dosen't match": "Password dosen't match",
    "I Consent to the Privacy Policy": "I Consent to the Privacy Policy",
    "Continue as Guest": "Continue as Guest",
    "username or email": "Username or email",
    "Sale Over": "Sale Over",
    "Yes Exit": "Yes, Exit",
    "You Want to Exit from Application": "You Want to Exit from Application",
    "Are You Sure": "Are You Sure",
    "Total Price": "Total Price",
    "Product Details": "Product Details",
    "Select Location": "Select Location",
    "SignIn with Social": "SignIn with Social",
    "Mobile,Electronics": "Mobile,Electronics",
    "Tags": "Tags",
    "Beer, Former": "Beer, Former",
    "Please wait a moment": "Please wait a moment",
    "Item Added Successfully": "Item Added Successfully",
    "Items in your cart": "Items in your Cart",
    "Item in your cart": "Item in your Cart",
    "Remove Successfully": "Remove Successfully",
    "Order Amount": "Order Amount",
    "Total Amount": "Total Amount",
    "Something went wrong": "Something went wrong!",
    "Total": "Total",
    "Please agree terms condition": "Please agree terms condition",
    "Please add new location or press exiting location": "Please add new location or press exiting location",
    "Delivery Location": "Delivery Location",
    "Add": "Add",
    "No Address": "No Address",
    "Loading": "Loading...",
    "Bill Details": "Bill Details",
    "promo code": "promo code",
    "Place Order": "Place Order",
    "fees": "Fees",
    "free shipping": "Free Shipping",
    "home delivery free shipping": "Home Delivery Free Shipping",
    "shipping rules based on qty 6 10": "Shipping Rules Based on qty(6-10)",
    "home delivery": "Home Delivery",
    "Pay With Stripe": "Pay With Stripe",
    "Pay With Paypal": "Pay With Paypal",
    "Pay With Razorpay": "Pay With Razorpay",
    "Pay with Flutter-wave": "Pay with Flutter-wave",
    "Pay With Mollie": "Pay With Mollie",
    "Pay With InstaMojo": "Pay With InstaMojo",
    "Pay With PayStack": "Pay With PayStack",
    "Pay with Ssl-commerce": "Pay with Ssl-commerce",
    "Please add new location or select exiting location": "Please add new location or select exiting location",
    "Please enter bank information": "Please enter bank information",
    "Sign-In please": "Sign-In please",
    "Order No": "Order No",
    "Tracking number": "Tracking number",
    "Active": "Active",
    "Single Order": "Single Order",
    "What is your Rate": "What is your Rate",
    "Please write something": "Please write something.",
    "Other": "Other",
    "Offers": "Offers",
    "Items in Your Cart": "Items in Your Cart",
    "swipe right to delete any item": "Swipe Right to Delete Any Item",
    "My Offers": "My Offers",
    "filter": "Filter",
    "Size": "Size",
    "Find Product": "Find Product",
    "All Popular Product": "All Popular Product",
    "wishlist added successfully": "Wishlist Added Successfully",
    "app info": "App Info",
    "Edit Profile": "Edit Profile",
    "Your zip-code": "Your zip-code",
    "Your address": "Your address",
    "Send Us A Message": "Send Us A Message",
    "Enter valid email": "Enter valid email",
    "Verification Code": "Verification Code",
    "Enter Code": "Enter Code",
    "I dont received a code": "I don’t received a code",
    "Resend": "Resend",
    "ecoshop": "EcoShop",
    "Buy groceries and feed yourself": "Buy groceries and feed yourself",
    "Version": "Version",
    "Developed By": "Developed By",
    "Dismiss": "Dismiss",
    "Confirmation": "Confirmation",
    "you wish to delete this address": "you wish to delete this address?",
    "delete": "delete",
    "ZipCode": "ZipCode",
    "field required": "field required",
    "Enter valid": "Enter valid",
    "No Category": "No Category",
    "All Seller": "All Seller",
    "New Arrival": "New Arrival",
    "Best Selling": "Best Selling",
    "Discount Products": "Discount Products",
    "Highest Price": "Highest Price",
    "Low Price": "Low Price",
    "Free Delivery": "Free Delivery",
    "California": "California",
    "Victoria": "Victoria",
    "Toronto": "Toronto",
    "Date in required": "Date in required",
    "MOBILE APP VERSION": "MOBILE APP VERSION",
    "Get Our": "Get Our",
    "Mobile App": "Mobile App",
    "It's Make easy for you life!": "It's Make easy for you life!",
    "Features": "Features",
    "Reports Headline here": "Reports Headline here",
    "Type Here": "Type Here",
    "Product from Shop": "Product from Shop",
    "Send Product": "Send Product",
    "No Message yet!": "No Message yet!",
    "Its seems, No Message in your inbox": "Its seems, No Message in your inbox",
    "Messages": "Messages",
    "Email or Phone": "Email or Phone",
    "Payment Declined": "Payment Declined",
    "Oh snap The Payment Information was declined": "Oh snap! The Payment Information was declined",
    "Delete Account": "Delete Account",
    "Once you delete your account, there is no going back. Please be certain.": "Once you delete your account, there is no going back. Please be certain.",
    "Are You Sure?": "Are You Sure?",
    "Do you really want to delete these account? This process cannot be undone.": "Do you really want to delete these account? This process cannot be undone.",
    "cancel": "cancel",
    "Delete": "Delete",
    "Already in Cart": "Already in Cart",
    "Are you sure, you want to Logout": "Are you sure, you want to Logout",
    "Do you want to Delete account": "Do you want to Delete account ?"
  },
  "setting": {
    "logo": "",
    "favicon": "uploads/website-images/favicon-2024-02-21-02-42-10-2724.png",
    "enable_user_register": 1,
    "store_name": "staging3",
    "phone_number_required": 0,
    "default_phone_code": "IN",
    "text_direction": "ltr",
    "timezone": "Asia/Kolkata",
    "topbar_phone": "123-854-7896",
    "topbar_email": "contact@gmail.com",
    "currency_icon": "₹",
    "currency_name": "INR",
    "show_product_progressbar": 0,
    "working_hours": {
      "monday": {
        "active": true,
        "start": "09:00",
        "end": "22:00"
      },
      "tuesday": {
        "active": true,
        "start": "09:00",
        "end": "22:00"
      },
      "wednesday": {
        "active": true,
        "start": "09:00",
        "end": "22:00"
      },
      "thursday": {
        "active": true,
        "start": "09:00",
        "end": "22:00"
      },
      "friday": {
        "active": true,
        "start": "09:00",
        "end": "22:00"
      },
      "saturday": {
        "active": true,
        "start": "09:00",
        "end": "17:00"
      },
      "sunday": {
        "start": "",
        "end": "",
        "active": false
      }
    },
    "primary_color": "#ffffff",
    "secondary_color": "#000000",
    "selected_theme": "theme2",
    "secondary_text_color": "#838383",
    "primary_text_color": "#000000",
    "header_color": "#ffffff",
    "header_text_color": "#000000",
    "topbar_color": "#000000",
    "footer_color": "#ffffff",
    "footer_text_color": "#000000",
    "hover_color": "#B2874E"
  },
  "app_setting": {
    "id": 1,
    "primary_color": "#ffffff",
    "secondary_color": "#000000",
    "primary_text_color": "#000000",
    "secondary_text_color": "#000000",
    "button_primary_color": "#000000",
    "button_secondary_color": "#000000",
    "appbar_color": "#ffffff",
    "appbar_text_color": "#000000",
    "appbar_text_size": 16,
    "bottombar_color": "#000000",
    "bottombar_text_color": "#ffffff",
    "bottombar_text_size": 10.5,
    "created_at": null,
    "updated_at": "2025-05-27T10:39:14.000000Z"
  },
  "maintainance": {
    "id": 1,
    "status": 0,
    "image": "uploads/website-images/maintainance-mode-2022-09-20-02-13-54-5890.png",
    "description": "We are upgrading our site.  We will come back soon.  \r\nPlease stay with us. \r\nThank you.",
    "created_at": null,
    "updated_at": "2025-06-26T09:32:05.000000Z"
  },
  "catalog_mode": {
    "id": 1,
    "status": 0,
    "show_price": 1,
    "created_at": null,
    "updated_at": "2025-05-27T11:01:15.000000Z"
  },
  "flashSaleActive": true,
  "flashSale": {
    "status": 1,
    "offer": 10,
    "end_time": "2024-06-25 20:00:00"
  },
  "flashSaleProducts": [],
  "googleAnalytic": {
    "id": 1,
    "analytic_id": "5248-fd-5fds",
    "status": 1,
    "created_at": null,
    "updated_at": "2022-06-11T05:40:27.000000Z"
  },
  "announcementModal": {
    "id": 1,
    "status": 1,
    "title": "GET UP TO 75% OFF",
    "description": "Lorem, ipsum dolor sit amet consectetur adipisicing elit. Exercitationem, facere nesciunt doloremque nobis debitis sint?",
    "image": "uploads/website-images/announcement-2022-11-19-12-33-21-4518.png",
    "expired_date": 4,
    "created_at": null,
    "updated_at": "2024-03-30T00:33:12.000000Z"
  },
  "productCategories": [
    {
      "id": 1,
      "name": "Chair",
      "slug": "Chair",
      "icon": "fab fa-500px",
      "status": 1,
      "parent_id": null,
      "image": "uploads/custom-images/chair-2024-07-02-12-12-55-4347.jpg",
      "created_at": "2024-07-02T01:12:55.000000Z",
      "updated_at": "2024-08-10T03:31:48.000000Z",
      "hsn_code": "3,4",
      "children": [
        {
          "id": 11,
          "name": "Modern Chair",
          "slug": "modern-chair",
          "icon": "fas fa-arrow-right",
          "status": 1,
          "parent_id": 1,
          "image": "uploads/custom-images/modern-chair-2025-06-04-04-45-15-4521.jpg",
          "created_at": "2025-06-04T11:15:15.000000Z",
          "updated_at": "2025-06-04T11:15:15.000000Z",
          "hsn_code": "0",
          "children": [
            {
              "id": 12,
              "name": "classic chair",
              "slug": "classic-chair",
              "icon": "fas fa-arrow-right",
              "status": 1,
              "parent_id": 11,
              "image": "uploads/custom-images/classic-chair-2025-06-04-04-45-56-3129.jpg",
              "created_at": "2025-06-04T11:15:56.000000Z",
              "updated_at": "2025-06-04T11:15:56.000000Z",
              "hsn_code": "0",
              "children": []
            }
          ]
        }
      ]
    },
    {
      "id": 2,
      "name": "Sofas",
      "slug": "Sofas",
      "icon": "fas fa-address-card",
      "status": 1,
      "parent_id": null,
      "image": "uploads/custom-images/sofas-2024-07-02-12-13-27-2672.jpg",
      "created_at": "2024-07-02T01:13:27.000000Z",
      "updated_at": "2024-08-10T03:30:41.000000Z",
      "hsn_code": "2",
      "children": []
    },
    {
      "id": 3,
      "name": "Reading Lamp",
      "slug": "reading-lamp",
      "icon": "fas fa-address-book",
      "status": 1,
      "parent_id": null,
      "image": "uploads/custom-images/reading-lamp-2024-07-02-12-14-59-6380.jpg",
      "created_at": "2024-07-02T01:14:59.000000Z",
      "updated_at": "2024-07-26T04:31:45.000000Z",
      "hsn_code": "3",
      "children": []
    },
    {
      "id": 4,
      "name": "Wooden lamp",
      "slug": "wooden-lamp",
      "icon": "far fa-address-book",
      "status": 1,
      "parent_id": null,
      "image": "uploads/custom-images/wooden-lamp-2024-07-02-12-15-33-7676.jpg",
      "created_at": "2024-07-02T01:15:33.000000Z",
      "updated_at": "2024-08-10T03:31:31.000000Z",
      "hsn_code": "5",
      "children": []
    },
    {
      "id": 13,
      "name": "Modern Table",
      "slug": "modern-table",
      "icon": "fas fa-arrow-right",
      "status": 1,
      "parent_id": null,
      "image": "uploads/custom-images/modern-table-2025-06-05-01-59-51-7938.jpg",
      "created_at": "2025-06-05T08:29:51.000000Z",
      "updated_at": "2025-06-05T08:29:51.000000Z",
      "hsn_code": "0",
      "children": []
    }
  ],
  "customPages": [
    {
      "id": 20,
      "page_name": "About Us",
      "slug": "about-us",
      "description": "<p>add data from the admin panel&nbsp;</p>",
      "status": 1,
      "page_section": 0,
      "meta_title": "About Us",
      "meta_keyword": "About Us",
      "meta_description": "About Us",
      "type": 1,
      "image": null,
      "blog_category_id ": null,
      "views": null,
      "breadcrumb_image": "",
      "parent_id": null,
      "created_at": "2024-11-07T05:57:34.000000Z",
      "updated_at": "2025-06-02T09:49:01.000000Z",
      "children": [],
      "blog_category": null
    },
    {
      "id": 22,
      "page_name": "terms and condition",
      "slug": "terms-and-condition",
      "description": "<h2 class=\"wp-block-heading\" style=\"-webkit-font-smoothing: antialiased; -webkit-tap-highlight-color: rgba(0, 0, 0, 0); font-size: 34px; margin-right: 0px; margin-bottom: 20px; margin-left: 0px; padding: 0px; font-weight: 500; color: rgb(7, 7, 7); hyphens: auto; line-height: calc(1.11765); letter-spacing: 0.005em; font-family: Manrope, sans-serif;\">Who we are</h2><p style=\"-webkit-font-smoothing: antialiased; -webkit-tap-highlight-color: rgba(0, 0, 0, 0); margin-bottom: 1em; margin-top: 1em; color: rgb(69, 69, 69); font-family: Manrope, sans-serif; font-size: 14px; letter-spacing: 0.189px;\"><span class=\"privacy-policy-tutorial\" style=\"-webkit-font-smoothing: antialiased; -webkit-tap-highlight-color: rgba(0, 0, 0, 0); font-weight: 600;\">Suggested text:&nbsp;</span>Our website address is: https://parkofideas.com/moderno/furniture.</p><h2 class=\"wp-block-heading\" style=\"-webkit-font-smoothing: antialiased; -webkit-tap-highlight-color: rgba(0, 0, 0, 0); font-size: 34px; margin: 40px 0px 20px; padding: 0px; font-weight: 500; color: rgb(7, 7, 7); hyphens: auto; line-height: calc(1.11765); letter-spacing: 0.005em; font-family: Manrope, sans-serif;\">Comments</h2><p style=\"-webkit-font-smoothing: antialiased; -webkit-tap-highlight-color: rgba(0, 0, 0, 0); margin-bottom: 1em; margin-top: 1em; color: rgb(69, 69, 69); font-family: Manrope, sans-serif; font-size: 14px; letter-spacing: 0.189px;\"><span class=\"privacy-policy-tutorial\" style=\"-webkit-font-smoothing: antialiased; -webkit-tap-highlight-color: rgba(0, 0, 0, 0); font-weight: 600;\">Suggested text:&nbsp;</span>When visitors leave comments on the site we collect the data shown in the comments form, and also the visitor’s IP address and browser user agent string to help spam detection.</p><p style=\"-webkit-font-smoothing: antialiased; -webkit-tap-highlight-color: rgba(0, 0, 0, 0); margin-bottom: 1em; margin-top: 1em; color: rgb(69, 69, 69); font-family: Manrope, sans-serif; font-size: 14px; letter-spacing: 0.189px;\">An anonymized string created from your email address (also called a hash) may be provided to the Gravatar service to see if you are using it. The Gravatar service privacy policy is available here: https://automattic.com/privacy/. After approval of your comment, your profile picture is visible to the public in the context of your comment.</p><h2 class=\"wp-block-heading\" style=\"-webkit-font-smoothing: antialiased; -webkit-tap-highlight-color: rgba(0, 0, 0, 0); font-size: 34px; margin: 40px 0px 20px; padding: 0px; font-weight: 500; color: rgb(7, 7, 7); hyphens: auto; line-height: calc(1.11765); letter-spacing: 0.005em; font-family: Manrope, sans-serif;\">Media</h2><p style=\"-webkit-font-smoothing: antialiased; -webkit-tap-highlight-color: rgba(0, 0, 0, 0); margin-bottom: 1em; margin-top: 1em; color: rgb(69, 69, 69); font-family: Manrope, sans-serif; font-size: 14px; letter-spacing: 0.189px;\"><span class=\"privacy-policy-tutorial\" style=\"-webkit-font-smoothing: antialiased; -webkit-tap-highlight-color: rgba(0, 0, 0, 0); font-weight: 600;\">Suggested text:&nbsp;</span>If you upload images to the website, you should avoid uploading images with embedded location data (EXIF GPS) included. Visitors to the website can download and extract any location data from images on the website.</p><h2 class=\"wp-block-heading\" style=\"-webkit-font-smoothing: antialiased; -webkit-tap-highlight-color: rgba(0, 0, 0, 0); font-size: 34px; margin: 40px 0px 20px; padding: 0px; font-weight: 500; color: rgb(7, 7, 7); hyphens: auto; line-height: calc(1.11765); letter-spacing: 0.005em; font-family: Manrope, sans-serif;\">Cookies</h2><p style=\"-webkit-font-smoothing: antialiased; -webkit-tap-highlight-color: rgba(0, 0, 0, 0); margin-bottom: 1em; margin-top: 1em; color: rgb(69, 69, 69); font-family: Manrope, sans-serif; font-size: 14px; letter-spacing: 0.189px;\"><span class=\"privacy-policy-tutorial\" style=\"-webkit-font-smoothing: antialiased; -webkit-tap-highlight-color: rgba(0, 0, 0, 0); font-weight: 600;\">Suggested text:&nbsp;</span>If you leave a comment on our site you may opt-in to saving your name, email address and website in cookies. These are for your convenience so that you do not have to fill in your details again when you leave another comment. These cookies will last for one year.</p><p style=\"-webkit-font-smoothing: antialiased; -webkit-tap-highlight-color: rgba(0, 0, 0, 0); margin-bottom: 1em; margin-top: 1em; color: rgb(69, 69, 69); font-family: Manrope, sans-serif; font-size: 14px; letter-spacing: 0.189px;\">If you visit our login page, we will set a temporary cookie to determine if your browser accepts cookies. This cookie contains no personal data and is discarded when you close your browser.</p><p style=\"-webkit-font-smoothing: antialiased; -webkit-tap-highlight-color: rgba(0, 0, 0, 0); margin-bottom: 1em; margin-top: 1em; color: rgb(69, 69, 69); font-family: Manrope, sans-serif; font-size: 14px; letter-spacing: 0.189px;\">When you log in, we will also set up several cookies to save your login information and your screen display choices. Login cookies last for two days, and screen options cookies last for a year. If you select “Remember Me”, your login will persist for two weeks. If you log out of your account, the login cookies will be removed.</p><p style=\"-webkit-font-smoothing: antialiased; -webkit-tap-highlight-color: rgba(0, 0, 0, 0); margin-bottom: 1em; margin-top: 1em; color: rgb(69, 69, 69); font-family: Manrope, sans-serif; font-size: 14px; letter-spacing: 0.189px;\">If you edit or publish an article, an additional cookie will be saved in your browser. This cookie includes no personal data and simply indicates the post ID of the article you just edited. It expires after 1 day.</p><h2 class=\"wp-block-heading\" style=\"-webkit-font-smoothing: antialiased; -webkit-tap-highlight-color: rgba(0, 0, 0, 0); font-size: 34px; margin: 40px 0px 20px; padding: 0px; font-weight: 500; color: rgb(7, 7, 7); hyphens: auto; line-height: calc(1.11765); letter-spacing: 0.005em; font-family: Manrope, sans-serif;\">Embedded content from other websites</h2><p style=\"-webkit-font-smoothing: antialiased; -webkit-tap-highlight-color: rgba(0, 0, 0, 0); margin-bottom: 1em; margin-top: 1em; color: rgb(69, 69, 69); font-family: Manrope, sans-serif; font-size: 14px; letter-spacing: 0.189px;\"><span class=\"privacy-policy-tutorial\" style=\"-webkit-font-smoothing: antialiased; -webkit-tap-highlight-color: rgba(0, 0, 0, 0); font-weight: 600;\">Suggested text:&nbsp;</span>Articles on this site may include embedded content (e.g. videos, images, articles, etc.). Embedded content from other websites behaves in the exact same way as if the visitor has visited the other website.</p><p style=\"-webkit-font-smoothing: antialiased; -webkit-tap-highlight-color: rgba(0, 0, 0, 0); margin-bottom: 1em; margin-top: 1em; color: rgb(69, 69, 69); font-family: Manrope, sans-serif; font-size: 14px; letter-spacing: 0.189px;\">These websites may collect data about you, use cookies, embed additional third-party tracking, and monitor your interaction with that embedded content, including tracking your interaction with the embedded content if you have an account and are logged in to that website.</p><h2 class=\"wp-block-heading\" style=\"-webkit-font-smoothing: antialiased; -webkit-tap-highlight-color: rgba(0, 0, 0, 0); font-size: 34px; margin: 40px 0px 20px; padding: 0px; font-weight: 500; color: rgb(7, 7, 7); hyphens: auto; line-height: calc(1.11765); letter-spacing: 0.005em; font-family: Manrope, sans-serif;\">Who we share your data with</h2><p style=\"-webkit-font-smoothing: antialiased; -webkit-tap-highlight-color: rgba(0, 0, 0, 0); margin-bottom: 1em; margin-top: 1em; color: rgb(69, 69, 69); font-family: Manrope, sans-serif; font-size: 14px; letter-spacing: 0.189px;\"><span class=\"privacy-policy-tutorial\" style=\"-webkit-font-smoothing: antialiased; -webkit-tap-highlight-color: rgba(0, 0, 0, 0); font-weight: 600;\">Suggested text:&nbsp;</span>If you request a password reset, your IP address will be included in the reset email.</p><h2 class=\"wp-block-heading\" style=\"-webkit-font-smoothing: antialiased; -webkit-tap-highlight-color: rgba(0, 0, 0, 0); font-size: 34px; margin: 40px 0px 20px; padding: 0px; font-weight: 500; color: rgb(7, 7, 7); hyphens: auto; line-height: calc(1.11765); letter-spacing: 0.005em; font-family: Manrope, sans-serif;\">How long we retain your data</h2><p style=\"-webkit-font-smoothing: antialiased; -webkit-tap-highlight-color: rgba(0, 0, 0, 0); margin-bottom: 1em; margin-top: 1em; color: rgb(69, 69, 69); font-family: Manrope, sans-serif; font-size: 14px; letter-spacing: 0.189px;\"><span class=\"privacy-policy-tutorial\" style=\"-webkit-font-smoothing: antialiased; -webkit-tap-highlight-color: rgba(0, 0, 0, 0); font-weight: 600;\">Suggested text:&nbsp;</span>If you leave a comment, the comment and its metadata are retained indefinitely. This is so we can recognize and approve any follow-up comments automatically instead of holding them in a moderation queue.</p><p style=\"-webkit-font-smoothing: antialiased; -webkit-tap-highlight-color: rgba(0, 0, 0, 0); margin-bottom: 1em; margin-top: 1em; color: rgb(69, 69, 69); font-family: Manrope, sans-serif; font-size: 14px; letter-spacing: 0.189px;\">For users that register on our website (if any), we also store the personal information they provide in their user profile. All users can see, edit, or delete their personal information at any time (except they cannot change their username). Website administrators can also see and edit that information.</p><h2 class=\"wp-block-heading\" style=\"-webkit-font-smoothing: antialiased; -webkit-tap-highlight-color: rgba(0, 0, 0, 0); font-size: 34px; margin: 40px 0px 20px; padding: 0px; font-weight: 500; color: rgb(7, 7, 7); hyphens: auto; line-height: calc(1.11765); letter-spacing: 0.005em; font-family: Manrope, sans-serif;\">What rights you have over your data</h2><p style=\"-webkit-font-smoothing: antialiased; -webkit-tap-highlight-color: rgba(0, 0, 0, 0); margin-bottom: 1em; margin-top: 1em; color: rgb(69, 69, 69); font-family: Manrope, sans-serif; font-size: 14px; letter-spacing: 0.189px;\"><span class=\"privacy-policy-tutorial\" style=\"-webkit-font-smoothing: antialiased; -webkit-tap-highlight-color: rgba(0, 0, 0, 0); font-weight: 600;\">Suggested text:&nbsp;</span>If you have an account on this site, or have left comments, you can request to receive an exported file of the personal data we hold about you, including any data you have provided to us. You can also request that we erase any personal data we hold about you. This does not include any data we are obliged to keep for administrative, legal, or security purposes.</p><h2 class=\"wp-block-heading\" style=\"-webkit-font-smoothing: antialiased; -webkit-tap-highlight-color: rgba(0, 0, 0, 0); font-size: 34px; margin: 40px 0px 20px; padding: 0px; font-weight: 500; color: rgb(7, 7, 7); hyphens: auto; line-height: calc(1.11765); letter-spacing: 0.005em; font-family: Manrope, sans-serif;\">Where your data is sent</h2><p style=\"-webkit-font-smoothing: antialiased; -webkit-tap-highlight-color: rgba(0, 0, 0, 0); margin-top: 1em; color: rgb(69, 69, 69); font-family: Manrope, sans-serif; font-size: 14px; letter-spacing: 0.189px; margin-bottom: 0px !important;\"><span class=\"privacy-policy-tutorial\" style=\"-webkit-font-smoothing: antialiased; -webkit-tap-highlight-color: rgba(0, 0, 0, 0); font-weight: 600;\">Suggested text:&nbsp;</span>Visitor comments may be checked through an automated spam detection service.</p>",
      "status": 1,
      "page_section": 0,
      "meta_title": "terms and condition",
      "meta_keyword": "terms and condition",
      "meta_description": "test_desciption",
      "type": 1,
      "image": null,
      "blog_category_id ": null,
      "views": null,
      "breadcrumb_image": "",
      "parent_id": null,
      "created_at": "2025-05-12T12:55:48.000000Z",
      "updated_at": "2025-06-09T06:26:52.000000Z",
      "children": [],
      "blog_category": null
    }
  ],
  "megaMenuCategories": [
    {
      "id": 1,
      "category_id": 1,
      "status": 1,
      "serial": 1,
      "created_at": "2024-10-17T10:23:28.000000Z",
      "updated_at": "2024-10-17T10:23:28.000000Z",
      "category": {
        "id": 1,
        "name": "Chair",
        "slug": "Chair",
        "icon": "fab fa-500px",
        "status": 1,
        "parent_id": null,
        "image": "uploads/custom-images/chair-2024-07-02-12-12-55-4347.jpg",
        "created_at": "2024-07-02T01:12:55.000000Z",
        "updated_at": "2024-08-10T03:31:48.000000Z",
        "hsn_code": "3,4"
      }
    }
  ],
  "megaMenuBanner": {
    "id": 23,
    "header": null,
    "title": null,
    "link": "https://shopo-ecom.vercel.app/products?category=game",
    "image": "uploads/website-images/Mega-menu-2022-10-27-01-44-55-7811.png",
    "banner_location": "Megamenu banner",
    "after_product_qty": 0,
    "status": 1,
    "created_at": null,
    "updated_at": "2022-10-30T13:38:38.000000Z",
    "title_one": "SMART WATCH",
    "title_two": "Samsung Smart Watch",
    "badge": null,
    "product_slug": "electronics"
  },
  "cookie_consent": {
    "id": 1,
    "status": 1,
    "border": "thin",
    "corners": "normal",
    "background_color": "#ffffff",
    "text_color": "#000000",
    "border_color": "#000000",
    "btn_bg_color": "#29597c",
    "btn_text_color": "#000000",
    "message": "We use essential cookies to make our site work. With your consent, we may also use non-essential cookies to improve user experience and analyze website traffic. By clicking “Accept,” you agree to our website's cookie use as described in our Cookie Policy. You can change your cookie settings at any time by clicking “Preferences.”",
    "link_text": "More Info",
    "btn_text": "Yes",
    "link": null,
    "created_at": null,
    "updated_at": "2024-11-19T10:31:48.000000Z"
  },
  "seo_setting": [
    {
      "id": 1,
      "page_name": "Home Page",
      "seo_title": "Home - Welcome to Frenzy Mart",
      "seo_description": "Explore our home page for a wide range of products and exciting sale announcements. Find everything you need in one place!",
      "created_at": null,
      "updated_at": "2024-04-01T01:32:30.000000Z"
    },
    {
      "id": 2,
      "page_name": "About Us",
      "seo_title": "About Us - Frenzy Mart",
      "seo_description": "About Us",
      "created_at": null,
      "updated_at": "2024-04-01T01:32:50.000000Z"
    },
    {
      "id": 3,
      "page_name": "Contact Us",
      "seo_title": "Contact Us - Frenzy mart",
      "seo_description": "Contact Us",
      "created_at": null,
      "updated_at": "2024-04-01T01:32:59.000000Z"
    },
    {
      "id": 5,
      "page_name": "Seller Page",
      "seo_title": "Our Seller - Frenzy mart",
      "seo_description": "Seller Page",
      "created_at": null,
      "updated_at": "2024-04-01T01:33:07.000000Z"
    },
    {
      "id": 6,
      "page_name": "Blog",
      "seo_title": "Blog - Frenzy mart",
      "seo_description": "Blog",
      "created_at": null,
      "updated_at": "2024-04-01T01:33:09.000000Z"
    },
    {
      "id": 8,
      "page_name": "Flash Deal",
      "seo_title": "Flash Deal - Frenzy mart",
      "seo_description": "Flash Deal",
      "created_at": null,
      "updated_at": "2024-04-01T01:33:13.000000Z"
    },
    {
      "id": 9,
      "page_name": "Shop Page",
      "seo_title": "Shop Page - Frenzy mart",
      "seo_description": "Shop Page",
      "created_at": null,
      "updated_at": "2024-04-01T01:33:16.000000Z"
    }
  ],
  "filter_price_range": 50000,
  "footer": {
    "footer_first_col": {
      "col_links": [
        {
          "id": 18,
          "column": "1",
          "link": "about-us",
          "title": "About Us",
          "custom_page_id": 20,
          "created_at": "2025-06-02T09:49:01.000000Z",
          "updated_at": "2025-06-02T09:49:01.000000Z"
        }
      ],
      "columnTitle": "Terms & Privacy"
    },
    "footer_second_col": {
      "col_links": [
        {
          "id": 19,
          "column": "2",
          "link": "terms-and-condition",
          "title": "terms and condition",
          "custom_page_id": 22,
          "created_at": "2025-06-09T06:26:52.000000Z",
          "updated_at": "2025-06-09T06:26:52.000000Z"
        }
      ],
      "columnTitle": "Other links"
    },
    "footer_third_col": {
      "col_links": [],
      "columnTitle": "Contact Information"
    },
    "footer": {
      "id": 1,
      "about_us": "Sophisticated simplicity for the\r\nindependent mind.",
      "phone": "+919227720688",
      "email": "info@cristainfotech.com",
      "address": "C/1201, PNTC, New Times Of India, Road, Satellite, Ahmedabad, Gujarat 380015",
      "first_column": "Terms & Privacy",
      "second_column": "Other links",
      "third_column": "Contact Information",
      "copyright": "Copyright © 2024 Frenzy Mart.",
      "payment_image": "uploads/website-images/payment-card-2022-09-26-12-59-29-8933.png",
      "created_at": null,
      "updated_at": "2024-07-01T04:02:17.000000Z"
    }
  },
  "social_links": [
    {
      "id": 6,
      "link": "https://www.instagram.com/",
      "icon": "Instagram",
      "created_at": "2025-04-16T09:29:40.000000Z",
      "updated_at": "2025-06-11T10:39:57.000000Z"
    },
    {
      "id": 7,
      "link": "link",
      "icon": "Facebook",
      "created_at": "2025-05-16T06:03:34.000000Z",
      "updated_at": "2025-05-16T06:03:34.000000Z"
    }
  ],
  "image_content": {
    "empty_cart": "uploads/website-images/empty_cart-2022-11-17-11-10-20-7795.png",
    "empty_wishlist": "uploads/website-images/empty_wishlist-2022-11-17-11-23-16-9350.png",
    "change_password_image": "uploads/website-images/change_password_image-2022-11-17-11-26-36-3416.png",
    "become_seller_avatar": "uploads/website-images/become_seller_avatar-2022-11-17-11-38-55-7934.png",
    "become_seller_banner": "uploads/website-images/become_seller_banner-2022-11-17-11-41-53-5886.png",
    "login_image": "uploads/website-images/login_image-2022-11-17-11-07-21-2774.png",
    "error_page": "uploads/website-images/error_page-2022-11-17-11-27-36-6180.png",
    "breadcrumb_images": "uploads/custom-images/breadcrumb-image-2024-11-08-12-10-56-5375.jpg"
  },
  "pusher_info": {
    "id": 1,
    "app_id": "1569059",
    "app_key": "f3a19752d50b8d5afe04",
    "app_secret": "3ef27a781572b5ea3b92",
    "app_cluster": "ap2",
    "created_at": null,
    "updated_at": "2023-03-19T03:49:40.000000Z"
  }
}
